[2026-04-18 05:26:54] production.ERROR: No application encryption key has been specified. {"exception":"[object] (Illuminate\\Encryption\\MissingAppKeyException(code: 0): No application encryption key has been specified. at D:/SEMESTER 6 D-IV TRPL/New folder/UTS-RPL-APPL-11423006/vendor/laravel/framework/src/Illuminate/Encryption/EncryptionServiceProvider.php:83)
[stacktrace]
#0 D:/SEMESTER 6 D-IV TRPL/New folder/UTS-RPL-APPL-11423006/vendor/laravel/framework/src/Illuminate/Support/helpers.php(393): Illuminate/Encryption/EncryptionServiceProvider->Illuminate/Encryption/{closure}(NULL)
#1 D:/SEMESTER 6 D-IV TRPL/New folder/UTS-RPL-APPL-11423006/vendor/laravel/framework/src/Illuminate/Encryption/EncryptionServiceProvider.php(81): tap(NULL, Object(Closure))
#2 D:/SEMESTER 6 D-IV TRPL/New folder/UTS-RPL-APPL-11423006/vendor/laravel/framework/src/Illuminate/Encryption/EncryptionServiceProvider.php(64): Illuminate/Encryption/EncryptionServiceProvider->key(Array)
#3 D:/SEMESTER 6 D-IV TRPL/New folder/UTS-RPL-APPL-11423006/vendor/laravel/framework/src/Illuminate/Encryption/EncryptionServiceProvider.php(32): Illuminate/Encryption/EncryptionServiceProvider->parseKey(Array)
#4 D:/SEMESTER 6 D-IV TRPL/New folder/UTS-RPL-APPL-11423006/vendor/laravel/framework/src/Illuminate/Container/Container.php(1115): Illuminate/Encryption/EncryptionServiceProvider->Illuminate/Encryption/{closure}(Object(Illuminate/Foundation/Application), Array)
#5 D:/SEMESTER 6 D-IV TRPL/New folder/UTS-RPL-APPL-11423006/vendor/laravel/framework/src/Illuminate/Container/Container.php(933): Illuminate/Container/Container->build(Object(Closure))
#6 D:/SEMESTER 6 D-IV TRPL/New folder/UTS-RPL-APPL-11423006/vendor/laravel/framework/src/Illuminate/Foundation/Application.php(1078): Illuminate/Container/Container->resolve('encrypter', Array, true)
#7 D:/SEMESTER 6 D-IV TRPL/New folder/UTS-RPL-APPL-11423006/vendor/laravel/framework/src/Illuminate/Container/Container.php(864): Illuminate/Foundation/Application->resolve('encrypter', Array)
#8 D:/SEMESTER 6 D-IV TRPL/New folder/UTS-RPL-APPL-11423006/vendor/laravel/framework/src/Illuminate/Foundation/Application.php(1058): Illuminate/Container/Container->make('encrypter', Array)
#9 D:/SEMESTER 6 D-IV TRPL/New folder/UTS-RPL-APPL-11423006/vendor/laravel/framework/src/Illuminate/Container/Container.php(1336): Illuminate/Foundation/Application->make('encrypter')
#10 D:/SEMESTER 6 D-IV TRPL/New folder/UTS-RPL-APPL-11423006/vendor/laravel/framework/src/Illuminate/Container/Container.php(1237): Illuminate/Container/Container->resolveClass(Object(ReflectionParameter), 'Illuminate//Cont...')
#11 D:/SEMESTER 6 D-IV TRPL/New folder/UTS-RPL-APPL-11423006/vendor/laravel/framework/src/Illuminate/Container/Container.php(1162): Illuminate/Container/Container->resolveDependencies(Array)
#12 D:/SEMESTER 6 D-IV TRPL/New folder/UTS-RPL-APPL-11423006/vendor/laravel/framework/src/Illuminate/Container/Container.php(933): Illuminate/Container/Container->build('Illuminate//Cook...')
#13 D:/SEMESTER 6 D-IV TRPL/New folder/UTS-RPL-APPL-11423006/vendor/laravel/framework/src/Illuminate/Foundation/Application.php(1078): Illuminate/Container/Container->resolve('Illuminate//Cook...', Array, true)
#14 D:/SEMESTER 6 D-IV TRPL/New folder/UTS-RPL-APPL-11423006/vendor/laravel/framework/src/Illuminate/Container/Container.php(864): Illuminate/Foundation/Application->resolve('Illuminate//Cook...', Array)
#15 D:/SEMESTER 6 D-IV TRPL/New folder/UTS-RPL-APPL-11423006/vendor/laravel/framework/src/Illuminate/Foundation/Application.php(1058): Illuminate/Container/Container->make('Illuminate//Cook...', Array)
#16 D:/SEMESTER 6 D-IV TRPL/New folder/UTS-RPL-APPL-11423006/vendor/laravel/framework/src/Illuminate/Pipeline/Pipeline.php(208): Illuminate/Foundation/Application->make('Illuminate//Cook...')
#17 D:/SEMESTER 6 D-IV TRPL/New folder/UTS-RPL-APPL-11423006/vendor/laravel/framework/src/Illuminate/Pipeline/Pipeline.php(137): Illuminate/Pipeline/Pipeline->Illuminate/Pipeline/{closure}(Object(Illuminate/Http/Request))
#18 D:/SEMESTER 6 D-IV TRPL/New folder/UTS-RPL-APPL-11423006/vendor/laravel/framework/src/Illuminate/Routing/Router.php(821): Illuminate/Pipeline/Pipeline->then(Object(Closure))
#19 D:/SEMESTER 6 D-IV TRPL/New folder/UTS-RPL-APPL-11423006/vendor/laravel/framework/src/Illuminate/Routing/Router.php(800): Illuminate/Routing/Router->runRouteWithinStack(Object(Illuminate/Routing/Route), Object(Illuminate/Http/Request))
#20 D:/SEMESTER 6 D-IV TRPL/New folder/UTS-RPL-APPL-11423006/vendor/laravel/framework/src/Illuminate/Routing/Router.php(764): Illuminate/Routing/Router->runRoute(Object(Illuminate/Http/Request), Object(Illuminate/Routing/Route))
#21 D:/SEMESTER 6 D-IV TRPL/New folder/UTS-RPL-APPL-11423006/vendor/laravel/framework/src/Illuminate/Routing/Router.php(753): Illuminate/Routing/Router->dispatchToRoute(Object(Illuminate/Http/Request))
#22 D:/SEMESTER 6 D-IV TRPL/New folder/UTS-RPL-APPL-11423006/vendor/laravel/framework/src/Illuminate/Foundation/Http/Kernel.php(200): Illuminate/Routing/Router->dispatch(Object(Illuminate/Http/Request))
#23 D:/SEMESTER 6 D-IV TRPL/New folder/UTS-RPL-APPL-11423006/vendor/laravel/framework/src/Illuminate/Pipeline/Pipeline.php(180): Illuminate/Foundation/Http/Kernel->Illuminate/Foundation/Http/{closure}(Object(Illuminate/Http/Request))
#24 D:/SEMESTER 6 D-IV TRPL/New folder/UTS-RPL-APPL-11423006/vendor/laravel/framework/src/Illuminate/Foundation/Http/Middleware/TransformsRequest.php(21): Illuminate/Pipeline/Pipeline->Illuminate/Pipeline/{closure}(Object(Illuminate/Http/Request))
#25 D:/SEMESTER 6 D-IV TRPL/New folder/UTS-RPL-APPL-11423006/vendor/laravel/framework/src/Illuminate/Foundation/Http/Middleware/ConvertEmptyStringsToNull.php(31): Illuminate/Foundation/Http/Middleware/TransformsRequest->handle(Object(Illuminate/Http/Request), Object(Closure))
#26 D:/SEMESTER 6 D-IV TRPL/New folder/UTS-RPL-APPL-11423006/vendor/laravel/framework/src/Illuminate/Pipeline/Pipeline.php(219): Illuminate/Foundation/Http/Middleware/ConvertEmptyStringsToNull->handle(Object(Illuminate/Http/Request), Object(Closure))
#27 D:/SEMESTER 6 D-IV TRPL/New folder/UTS-RPL-APPL-11423006/vendor/laravel/framework/src/Illuminate/Foundation/Http/Middleware/TransformsRequest.php(21): Illuminate/Pipeline/Pipeline->Illuminate/Pipeline/{closure}(Object(Illuminate/Http/Request))
#28 D:/SEMESTER 6 D-IV TRPL/New folder/UTS-RPL-APPL-11423006/vendor/laravel/framework/src/Illuminate/Foundation/Http/Middleware/TrimStrings.php(51): Illuminate/Foundation/Http/Middleware/TransformsRequest->handle(Object(Illuminate/Http/Request), Object(Closure))
#29 D:/SEMESTER 6 D-IV TRPL/New folder/UTS-RPL-APPL-11423006/vendor/laravel/framework/src/Illuminate/Pipeline/Pipeline.php(219): Illuminate/Foundation/Http/Middleware/TrimStrings->handle(Object(Illuminate/Http/Request), Object(Closure))
#30 D:/SEMESTER 6 D-IV TRPL/New folder/UTS-RPL-APPL-11423006/vendor/laravel/framework/src/Illuminate/Http/Middleware/ValidatePostSize.php(27): Illuminate/Pipeline/Pipeline->Illuminate/Pipeline/{closure}(Object(Illuminate/Http/Request))
#31 D:/SEMESTER 6 D-IV TRPL/New folder/UTS-RPL-APPL-11423006/vendor/laravel/framework/src/Illuminate/Pipeline/Pipeline.php(219): Illuminate/Http/Middleware/ValidatePostSize->handle(Object(Illuminate/Http/Request), Object(Closure))
#32 D:/SEMESTER 6 D-IV TRPL/New folder/UTS-RPL-APPL-11423006/vendor/laravel/framework/src/Illuminate/Foundation/Http/Middleware/PreventRequestsDuringMaintenance.php(109): Illuminate/Pipeline/Pipeline->Illuminate/Pipeline/{closure}(Object(Illuminate/Http/Request))
#33 D:/SEMESTER 6 D-IV TRPL/New folder/UTS-RPL-APPL-11423006/vendor/laravel/framework/src/Illuminate/Pipeline/Pipeline.php(219): Illuminate/Foundation/Http/Middleware/PreventRequestsDuringMaintenance->handle(Object(Illuminate/Http/Request), Object(Closure))
#34 D:/SEMESTER 6 D-IV TRPL/New folder/UTS-RPL-APPL-11423006/vendor/laravel/framework/src/Illuminate/Http/Middleware/HandleCors.php(61): Illuminate/Pipeline/Pipeline->Illuminate/Pipeline/{closure}(Object(Illuminate/Http/Request))
#35 D:/SEMESTER 6 D-IV TRPL/New folder/UTS-RPL-APPL-11423006/vendor/laravel/framework/src/Illuminate/Pipeline/Pipeline.php(219): Illuminate/Http/Middleware/HandleCors->handle(Object(Illuminate/Http/Request), Object(Closure))
#36 D:/SEMESTER 6 D-IV TRPL/New folder/UTS-RPL-APPL-11423006/vendor/laravel/framework/src/Illuminate/Http/Middleware/TrustProxies.php(58): Illuminate/Pipeline/Pipeline->Illuminate/Pipeline/{closure}(Object(Illuminate/Http/Request))
#37 D:/SEMESTER 6 D-IV TRPL/New folder/UTS-RPL-APPL-11423006/vendor/laravel/framework/src/Illuminate/Pipeline/Pipeline.php(219): Illuminate/Http/Middleware/TrustProxies->handle(Object(Illuminate/Http/Request), Object(Closure))
#38 D:/SEMESTER 6 D-IV TRPL/New folder/UTS-RPL-APPL-11423006/vendor/laravel/framework/src/Illuminate/Foundation/Http/Middleware/InvokeDeferredCallbacks.php(22): Illuminate/Pipeline/Pipeline->Illuminate/Pipeline/{closure}(Object(Illuminate/Http/Request))
#39 D:/SEMESTER 6 D-IV TRPL/New folder/UTS-RPL-APPL-11423006/vendor/laravel/framework/src/Illuminate/Pipeline/Pipeline.php(219): Illuminate/Foundation/Http/Middleware/InvokeDeferredCallbacks->handle(Object(Illuminate/Http/Request), Object(Closure))
#40 D:/SEMESTER 6 D-IV TRPL/New folder/UTS-RPL-APPL-11423006/vendor/laravel/framework/src/Illuminate/Http/Middleware/ValidatePathEncoding.php(26): Illuminate/Pipeline/Pipeline->Illuminate/Pipeline/{closure}(Object(Illuminate/Http/Request))
#41 D:/SEMESTER 6 D-IV TRPL/New folder/UTS-RPL-APPL-11423006/vendor/laravel/framework/src/Illuminate/Pipeline/Pipeline.php(219): Illuminate/Http/Middleware/ValidatePathEncoding->handle(Object(Illuminate/Http/Request), Object(Closure))
#42 D:/SEMESTER 6 D-IV TRPL/New folder/UTS-RPL-APPL-11423006/vendor/laravel/framework/src/Illuminate/Pipeline/Pipeline.php(137): Illuminate/Pipeline/Pipeline->Illuminate/Pipeline/{closure}(Object(Illuminate/Http/Request))
#43 D:/SEMESTER 6 D-IV TRPL/New folder/UTS-RPL-APPL-11423006/vendor/laravel/framework/src/Illuminate/Foundation/Http/Kernel.php(175): Illuminate/Pipeline/Pipeline->then(Object(Closure))
#44 D:/SEMESTER 6 D-IV TRPL/New folder/UTS-RPL-APPL-11423006/vendor/laravel/framework/src/Illuminate/Foundation/Http/Kernel.php(144): Illuminate/Foundation/Http/Kernel->sendRequestThroughRouter(Object(Illuminate/Http/Request))
#45 D:/SEMESTER 6 D-IV TRPL/New folder/UTS-RPL-APPL-11423006/vendor/laravel/framework/src/Illuminate/Foundation/Application.php(1220): Illuminate/Foundation/Http/Kernel->handle(Object(Illuminate/Http/Request))
#46 D:/SEMESTER 6 D-IV TRPL/New folder/UTS-RPL-APPL-11423006/public/index.php(20): Illuminate/Foundation/Application->handleRequest(Object(Illuminate/Http/Request))
#47 D:/SEMESTER 6 D-IV TRPL/New folder/UTS-RPL-APPL-11423006/vendor/laravel/framework/src/Illuminate/Foundation/resources/server.php(23): require_once('D://SEMESTER 6 D...')
#48 {main}
"} 
[2026-04-18 05:26:54] production.ERROR: No application encryption key has been specified. {"exception":"[object] (Illuminate\\Encryption\\MissingAppKeyException(code: 0): No application encryption key has been specified. at D:/SEMESTER 6 D-IV TRPL/New folder/UTS-RPL-APPL-11423006/vendor/laravel/framework/src/Illuminate/Encryption/EncryptionServiceProvider.php:83)
[stacktrace]
#0 D:/SEMESTER 6 D-IV TRPL/New folder/UTS-RPL-APPL-11423006/vendor/laravel/framework/src/Illuminate/Support/helpers.php(393): Illuminate/Encryption/EncryptionServiceProvider->Illuminate/Encryption/{closure}(NULL)
#1 D:/SEMESTER 6 D-IV TRPL/New folder/UTS-RPL-APPL-11423006/vendor/laravel/framework/src/Illuminate/Encryption/EncryptionServiceProvider.php(81): tap(NULL, Object(Closure))
#2 D:/SEMESTER 6 D-IV TRPL/New folder/UTS-RPL-APPL-11423006/vendor/laravel/framework/src/Illuminate/Encryption/EncryptionServiceProvider.php(64): Illuminate/Encryption/EncryptionServiceProvider->key(Array)
#3 D:/SEMESTER 6 D-IV TRPL/New folder/UTS-RPL-APPL-11423006/vendor/laravel/framework/src/Illuminate/Encryption/EncryptionServiceProvider.php(32): Illuminate/Encryption/EncryptionServiceProvider->parseKey(Array)
#4 D:/SEMESTER 6 D-IV TRPL/New folder/UTS-RPL-APPL-11423006/vendor/laravel/framework/src/Illuminate/Container/Container.php(1115): Illuminate/Encryption/EncryptionServiceProvider->Illuminate/Encryption/{closure}(Object(Illuminate/Foundation/Application), Array)
#5 D:/SEMESTER 6 D-IV TRPL/New folder/UTS-RPL-APPL-11423006/vendor/laravel/framework/src/Illuminate/Container/Container.php(933): Illuminate/Container/Container->build(Object(Closure))
#6 D:/SEMESTER 6 D-IV TRPL/New folder/UTS-RPL-APPL-11423006/vendor/laravel/framework/src/Illuminate/Foundation/Application.php(1078): Illuminate/Container/Container->resolve('encrypter', Array, true)
#7 D:/SEMESTER 6 D-IV TRPL/New folder/UTS-RPL-APPL-11423006/vendor/laravel/framework/src/Illuminate/Container/Container.php(864): Illuminate/Foundation/Application->resolve('encrypter', Array)
#8 D:/SEMESTER 6 D-IV TRPL/New folder/UTS-RPL-APPL-11423006/vendor/laravel/framework/src/Illuminate/Foundation/Application.php(1058): Illuminate/Container/Container->make('encrypter', Array)
#9 D:/SEMESTER 6 D-IV TRPL/New folder/UTS-RPL-APPL-11423006/vendor/laravel/framework/src/Illuminate/Container/Container.php(1336): Illuminate/Foundation/Application->make('encrypter')
#10 D:/SEMESTER 6 D-IV TRPL/New folder/UTS-RPL-APPL-11423006/vendor/laravel/framework/src/Illuminate/Container/Container.php(1237): Illuminate/Container/Container->resolveClass(Object(ReflectionParameter), 'Illuminate//Cont...')
#11 D:/SEMESTER 6 D-IV TRPL/New folder/UTS-RPL-APPL-11423006/vendor/laravel/framework/src/Illuminate/Container/Container.php(1162): Illuminate/Container/Container->resolveDependencies(Array)
#12 D:/SEMESTER 6 D-IV TRPL/New folder/UTS-RPL-APPL-11423006/vendor/laravel/framework/src/Illuminate/Container/Container.php(933): Illuminate/Container/Container->build('Illuminate//Cook...')
#13 D:/SEMESTER 6 D-IV TRPL/New folder/UTS-RPL-APPL-11423006/vendor/laravel/framework/src/Illuminate/Foundation/Application.php(1078): Illuminate/Container/Container->resolve('Illuminate//Cook...', Array, true)
#14 D:/SEMESTER 6 D-IV TRPL/New folder/UTS-RPL-APPL-11423006/vendor/laravel/framework/src/Illuminate/Container/Container.php(864): Illuminate/Foundation/Application->resolve('Illuminate//Cook...', Array)
#15 D:/SEMESTER 6 D-IV TRPL/New folder/UTS-RPL-APPL-11423006/vendor/laravel/framework/src/Illuminate/Foundation/Application.php(1058): Illuminate/Container/Container->make('Illuminate//Cook...', Array)
#16 D:/SEMESTER 6 D-IV TRPL/New folder/UTS-RPL-APPL-11423006/vendor/laravel/framework/src/Illuminate/Foundation/Http/Kernel.php(257): Illuminate/Foundation/Application->make('Illuminate//Cook...')
#17 D:/SEMESTER 6 D-IV TRPL/New folder/UTS-RPL-APPL-11423006/vendor/laravel/framework/src/Illuminate/Foundation/Http/Kernel.php(215): Illuminate/Foundation/Http/Kernel->terminateMiddleware(Object(Illuminate/Http/Request), Object(Illuminate/Http/Response))
#18 D:/SEMESTER 6 D-IV TRPL/New folder/UTS-RPL-APPL-11423006/vendor/laravel/framework/src/Illuminate/Foundation/Application.php(1222): Illuminate/Foundation/Http/Kernel->terminate(Object(Illuminate/Http/Request), Object(Illuminate/Http/Response))
#19 D:/SEMESTER 6 D-IV TRPL/New folder/UTS-RPL-APPL-11423006/public/index.php(20): Illuminate/Foundation/Application->handleRequest(Object(Illuminate/Http/Request))
#20 D:/SEMESTER 6 D-IV TRPL/New folder/UTS-RPL-APPL-11423006/vendor/laravel/framework/src/Illuminate/Foundation/resources/server.php(23): require_once('D://SEMESTER 6 D...')
#21 {main}
"} 
[2026-04-18 05:27:26] production.ERROR: file_get_contents(D:\SEMESTER 6 D-IV TRPL\New folder\UTS-RPL-APPL-11423006\.env): Failed to open stream: No such file or directory {"exception":"[object] (ErrorException(code: 0): file_get_contents(D:\\SEMESTER 6 D-IV TRPL\\New folder\\UTS-RPL-APPL-11423006\\.env): Failed to open stream: No such file or directory at D:/SEMESTER 6 D-IV TRPL/New folder/UTS-RPL-APPL-11423006/vendor/laravel/framework/src/Illuminate/Foundation/Console/KeyGenerateCommand.php:100)
[stacktrace]
#0 D:/SEMESTER 6 D-IV TRPL/New folder/UTS-RPL-APPL-11423006/vendor/laravel/framework/src/Illuminate/Foundation/Bootstrap/HandleExceptions.php(258): Illuminate/Foundation/Bootstrap/HandleExceptions->handleError(2, 'file_get_conten...', 'D://SEMESTER 6 D...', 100)
#1 [internal function]: Illuminate/Foundation/Bootstrap/HandleExceptions->Illuminate/Foundation/Bootstrap/{closure}(2, 'file_get_conten...', 'D://SEMESTER 6 D...', 100)
#2 D:/SEMESTER 6 D-IV TRPL/New folder/UTS-RPL-APPL-11423006/vendor/laravel/framework/src/Illuminate/Foundation/Console/KeyGenerateCommand.php(100): file_get_contents('D://SEMESTER 6 D...')
#3 D:/SEMESTER 6 D-IV TRPL/New folder/UTS-RPL-APPL-11423006/vendor/laravel/framework/src/Illuminate/Foundation/Console/KeyGenerateCommand.php(82): Illuminate/Foundation/Console/KeyGenerateCommand->writeNewEnvironmentFileWith('base64:DjJUhXsC...')
#4 D:/SEMESTER 6 D-IV TRPL/New folder/UTS-RPL-APPL-11423006/vendor/laravel/framework/src/Illuminate/Foundation/Console/KeyGenerateCommand.php(47): Illuminate/Foundation/Console/KeyGenerateCommand->setKeyInEnvironmentFile('base64:DjJUhXsC...')
#5 D:/SEMESTER 6 D-IV TRPL/New folder/UTS-RPL-APPL-11423006/vendor/laravel/framework/src/Illuminate/Container/BoundMethod.php(36): Illuminate/Foundation/Console/KeyGenerateCommand->handle()
#6 D:/SEMESTER 6 D-IV TRPL/New folder/UTS-RPL-APPL-11423006/vendor/laravel/framework/src/Illuminate/Container/Util.php(43): Illuminate/Container/BoundMethod::Illuminate/Container/{closure}()
#7 D:/SEMESTER 6 D-IV TRPL/New folder/UTS-RPL-APPL-11423006/vendor/laravel/framework/src/Illuminate/Container/BoundMethod.php(96): Illuminate/Container/Util::unwrapIfClosure(Object(Closure))
#8 D:/SEMESTER 6 D-IV TRPL/New folder/UTS-RPL-APPL-11423006/vendor/laravel/framework/src/Illuminate/Container/BoundMethod.php(35): Illuminate/Container/BoundMethod::callBoundMethod(Object(Illuminate/Foundation/Application), Array, Object(Closure))
#9 D:/SEMESTER 6 D-IV TRPL/New folder/UTS-RPL-APPL-11423006/vendor/laravel/framework/src/Illuminate/Container/Container.php(799): Illuminate/Container/BoundMethod::call(Object(Illuminate/Foundation/Application), Array, Array, NULL)
#10 D:/SEMESTER 6 D-IV TRPL/New folder/UTS-RPL-APPL-11423006/vendor/laravel/framework/src/Illuminate/Console/Command.php(211): Illuminate/Container/Container->call(Array)
#11 D:/SEMESTER 6 D-IV TRPL/New folder/UTS-RPL-APPL-11423006/vendor/symfony/console/Command/Command.php(341): Illuminate/Console/Command->execute(Object(Symfony/Component/Console/Input/ArgvInput), Object(Illuminate/Console/OutputStyle))
#12 D:/SEMESTER 6 D-IV TRPL/New folder/UTS-RPL-APPL-11423006/vendor/laravel/framework/src/Illuminate/Console/Command.php(180): Symfony/Component/Console/Command/Command->run(Object(Symfony/Component/Console/Input/ArgvInput), Object(Illuminate/Console/OutputStyle))
#13 D:/SEMESTER 6 D-IV TRPL/New folder/UTS-RPL-APPL-11423006/vendor/symfony/console/Application.php(1117): Illuminate/Console/Command->run(Object(Symfony/Component/Console/Input/ArgvInput), Object(Symfony/Component/Console/Output/ConsoleOutput))
#14 D:/SEMESTER 6 D-IV TRPL/New folder/UTS-RPL-APPL-11423006/vendor/symfony/console/Application.php(356): Symfony/Component/Console/Application->doRunCommand(Object(Illuminate/Foundation/Console/KeyGenerateCommand), Object(Symfony/Component/Console/Input/ArgvInput), Object(Symfony/Component/Console/Output/ConsoleOutput))
#15 D:/SEMESTER 6 D-IV TRPL/New folder/UTS-RPL-APPL-11423006/vendor/symfony/console/Application.php(195): Symfony/Component/Console/Application->doRun(Object(Symfony/Component/Console/Input/ArgvInput), Object(Symfony/Component/Console/Output/ConsoleOutput))
#16 D:/SEMESTER 6 D-IV TRPL/New folder/UTS-RPL-APPL-11423006/vendor/laravel/framework/src/Illuminate/Foundation/Console/Kernel.php(198): Symfony/Component/Console/Application->run(Object(Symfony/Component/Console/Input/ArgvInput), Object(Symfony/Component/Console/Output/ConsoleOutput))
#17 D:/SEMESTER 6 D-IV TRPL/New folder/UTS-RPL-APPL-11423006/vendor/laravel/framework/src/Illuminate/Foundation/Application.php(1235): Illuminate/Foundation/Console/Kernel->handle(Object(Symfony/Component/Console/Input/ArgvInput), Object(Symfony/Component/Console/Output/ConsoleOutput))
#18 D:/SEMESTER 6 D-IV TRPL/New folder/UTS-RPL-APPL-11423006/artisan(16): Illuminate/Foundation/Application->handleCommand(Object(Symfony/Component/Console/Input/ArgvInput))
#19 {main}
"} 
[2026-04-18 05:28:27] production.ERROR: No application encryption key has been specified. {"exception":"[object] (Illuminate\\Encryption\\MissingAppKeyException(code: 0): No application encryption key has been specified. at D:/SEMESTER 6 D-IV TRPL/New folder/UTS-RPL-APPL-11423006/vendor/laravel/framework/src/Illuminate/Encryption/EncryptionServiceProvider.php:83)
[stacktrace]
#0 D:/SEMESTER 6 D-IV TRPL/New folder/UTS-RPL-APPL-11423006/vendor/laravel/framework/src/Illuminate/Support/helpers.php(393): Illuminate/Encryption/EncryptionServiceProvider->Illuminate/Encryption/{closure}(NULL)
#1 D:/SEMESTER 6 D-IV TRPL/New folder/UTS-RPL-APPL-11423006/vendor/laravel/framework/src/Illuminate/Encryption/EncryptionServiceProvider.php(81): tap(NULL, Object(Closure))
#2 D:/SEMESTER 6 D-IV TRPL/New folder/UTS-RPL-APPL-11423006/vendor/laravel/framework/src/Illuminate/Encryption/EncryptionServiceProvider.php(64): Illuminate/Encryption/EncryptionServiceProvider->key(Array)
#3 D:/SEMESTER 6 D-IV TRPL/New folder/UTS-RPL-APPL-11423006/vendor/laravel/framework/src/Illuminate/Encryption/EncryptionServiceProvider.php(32): Illuminate/Encryption/EncryptionServiceProvider->parseKey(Array)
#4 D:/SEMESTER 6 D-IV TRPL/New folder/UTS-RPL-APPL-11423006/vendor/laravel/framework/src/Illuminate/Container/Container.php(1115): Illuminate/Encryption/EncryptionServiceProvider->Illuminate/Encryption/{closure}(Object(Illuminate/Foundation/Application), Array)
#5 D:/SEMESTER 6 D-IV TRPL/New folder/UTS-RPL-APPL-11423006/vendor/laravel/framework/src/Illuminate/Container/Container.php(933): Illuminate/Container/Container->build(Object(Closure))
#6 D:/SEMESTER 6 D-IV TRPL/New folder/UTS-RPL-APPL-11423006/vendor/laravel/framework/src/Illuminate/Foundation/Application.php(1078): Illuminate/Container/Container->resolve('encrypter', Array, true)
#7 D:/SEMESTER 6 D-IV TRPL/New folder/UTS-RPL-APPL-11423006/vendor/laravel/framework/src/Illuminate/Container/Container.php(864): Illuminate/Foundation/Application->resolve('encrypter', Array)
#8 D:/SEMESTER 6 D-IV TRPL/New folder/UTS-RPL-APPL-11423006/vendor/laravel/framework/src/Illuminate/Foundation/Application.php(1058): Illuminate/Container/Container->make('encrypter', Array)
#9 D:/SEMESTER 6 D-IV TRPL/New folder/UTS-RPL-APPL-11423006/vendor/laravel/framework/src/Illuminate/Container/Container.php(1336): Illuminate/Foundation/Application->make('encrypter')
#10 D:/SEMESTER 6 D-IV TRPL/New folder/UTS-RPL-APPL-11423006/vendor/laravel/framework/src/Illuminate/Container/Container.php(1237): Illuminate/Container/Container->resolveClass(Object(ReflectionParameter), 'Illuminate//Cont...')
#11 D:/SEMESTER 6 D-IV TRPL/New folder/UTS-RPL-APPL-11423006/vendor/laravel/framework/src/Illuminate/Container/Container.php(1162): Illuminate/Container/Container->resolveDependencies(Array)
#12 D:/SEMESTER 6 D-IV TRPL/New folder/UTS-RPL-APPL-11423006/vendor/laravel/framework/src/Illuminate/Container/Container.php(933): Illuminate/Container/Container->build('Illuminate//Cook...')
#13 D:/SEMESTER 6 D-IV TRPL/New folder/UTS-RPL-APPL-11423006/vendor/laravel/framework/src/Illuminate/Foundation/Application.php(1078): Illuminate/Container/Container->resolve('Illuminate//Cook...', Array, true)
#14 D:/SEMESTER 6 D-IV TRPL/New folder/UTS-RPL-APPL-11423006/vendor/laravel/framework/src/Illuminate/Container/Container.php(864): Illuminate/Foundation/Application->resolve('Illuminate//Cook...', Array)
#15 D:/SEMESTER 6 D-IV TRPL/New folder/UTS-RPL-APPL-11423006/vendor/laravel/framework/src/Illuminate/Foundation/Application.php(1058): Illuminate/Container/Container->make('Illuminate//Cook...', Array)
#16 D:/SEMESTER 6 D-IV TRPL/New folder/UTS-RPL-APPL-11423006/vendor/laravel/framework/src/Illuminate/Pipeline/Pipeline.php(208): Illuminate/Foundation/Application->make('Illuminate//Cook...')
#17 D:/SEMESTER 6 D-IV TRPL/New folder/UTS-RPL-APPL-11423006/vendor/laravel/framework/src/Illuminate/Pipeline/Pipeline.php(137): Illuminate/Pipeline/Pipeline->Illuminate/Pipeline/{closure}(Object(Illuminate/Http/Request))
#18 D:/SEMESTER 6 D-IV TRPL/New folder/UTS-RPL-APPL-11423006/vendor/laravel/framework/src/Illuminate/Routing/Router.php(821): Illuminate/Pipeline/Pipeline->then(Object(Closure))
#19 D:/SEMESTER 6 D-IV TRPL/New folder/UTS-RPL-APPL-11423006/vendor/laravel/framework/src/Illuminate/Routing/Router.php(800): Illuminate/Routing/Router->runRouteWithinStack(Object(Illuminate/Routing/Route), Object(Illuminate/Http/Request))
#20 D:/SEMESTER 6 D-IV TRPL/New folder/UTS-RPL-APPL-11423006/vendor/laravel/framework/src/Illuminate/Routing/Router.php(764): Illuminate/Routing/Router->runRoute(Object(Illuminate/Http/Request), Object(Illuminate/Routing/Route))
#21 D:/SEMESTER 6 D-IV TRPL/New folder/UTS-RPL-APPL-11423006/vendor/laravel/framework/src/Illuminate/Routing/Router.php(753): Illuminate/Routing/Router->dispatchToRoute(Object(Illuminate/Http/Request))
#22 D:/SEMESTER 6 D-IV TRPL/New folder/UTS-RPL-APPL-11423006/vendor/laravel/framework/src/Illuminate/Foundation/Http/Kernel.php(200): Illuminate/Routing/Router->dispatch(Object(Illuminate/Http/Request))
#23 D:/SEMESTER 6 D-IV TRPL/New folder/UTS-RPL-APPL-11423006/vendor/laravel/framework/src/Illuminate/Pipeline/Pipeline.php(180): Illuminate/Foundation/Http/Kernel->Illuminate/Foundation/Http/{closure}(Object(Illuminate/Http/Request))
#24 D:/SEMESTER 6 D-IV TRPL/New folder/UTS-RPL-APPL-11423006/vendor/laravel/framework/src/Illuminate/Foundation/Http/Middleware/TransformsRequest.php(21): Illuminate/Pipeline/Pipeline->Illuminate/Pipeline/{closure}(Object(Illuminate/Http/Request))
#25 D:/SEMESTER 6 D-IV TRPL/New folder/UTS-RPL-APPL-11423006/vendor/laravel/framework/src/Illuminate/Foundation/Http/Middleware/ConvertEmptyStringsToNull.php(31): Illuminate/Foundation/Http/Middleware/TransformsRequest->handle(Object(Illuminate/Http/Request), Object(Closure))
#26 D:/SEMESTER 6 D-IV TRPL/New folder/UTS-RPL-APPL-11423006/vendor/laravel/framework/src/Illuminate/Pipeline/Pipeline.php(219): Illuminate/Foundation/Http/Middleware/ConvertEmptyStringsToNull->handle(Object(Illuminate/Http/Request), Object(Closure))
#27 D:/SEMESTER 6 D-IV TRPL/New folder/UTS-RPL-APPL-11423006/vendor/laravel/framework/src/Illuminate/Foundation/Http/Middleware/TransformsRequest.php(21): Illuminate/Pipeline/Pipeline->Illuminate/Pipeline/{closure}(Object(Illuminate/Http/Request))
#28 D:/SEMESTER 6 D-IV TRPL/New folder/UTS-RPL-APPL-11423006/vendor/laravel/framework/src/Illuminate/Foundation/Http/Middleware/TrimStrings.php(51): Illuminate/Foundation/Http/Middleware/TransformsRequest->handle(Object(Illuminate/Http/Request), Object(Closure))
#29 D:/SEMESTER 6 D-IV TRPL/New folder/UTS-RPL-APPL-11423006/vendor/laravel/framework/src/Illuminate/Pipeline/Pipeline.php(219): Illuminate/Foundation/Http/Middleware/TrimStrings->handle(Object(Illuminate/Http/Request), Object(Closure))
#30 D:/SEMESTER 6 D-IV TRPL/New folder/UTS-RPL-APPL-11423006/vendor/laravel/framework/src/Illuminate/Http/Middleware/ValidatePostSize.php(27): Illuminate/Pipeline/Pipeline->Illuminate/Pipeline/{closure}(Object(Illuminate/Http/Request))
#31 D:/SEMESTER 6 D-IV TRPL/New folder/UTS-RPL-APPL-11423006/vendor/laravel/framework/src/Illuminate/Pipeline/Pipeline.php(219): Illuminate/Http/Middleware/ValidatePostSize->handle(Object(Illuminate/Http/Request), Object(Closure))
#32 D:/SEMESTER 6 D-IV TRPL/New folder/UTS-RPL-APPL-11423006/vendor/laravel/framework/src/Illuminate/Foundation/Http/Middleware/PreventRequestsDuringMaintenance.php(109): Illuminate/Pipeline/Pipeline->Illuminate/Pipeline/{closure}(Object(Illuminate/Http/Request))
#33 D:/SEMESTER 6 D-IV TRPL/New folder/UTS-RPL-APPL-11423006/vendor/laravel/framework/src/Illuminate/Pipeline/Pipeline.php(219): Illuminate/Foundation/Http/Middleware/PreventRequestsDuringMaintenance->handle(Object(Illuminate/Http/Request), Object(Closure))
#34 D:/SEMESTER 6 D-IV TRPL/New folder/UTS-RPL-APPL-11423006/vendor/laravel/framework/src/Illuminate/Http/Middleware/HandleCors.php(61): Illuminate/Pipeline/Pipeline->Illuminate/Pipeline/{closure}(Object(Illuminate/Http/Request))
#35 D:/SEMESTER 6 D-IV TRPL/New folder/UTS-RPL-APPL-11423006/vendor/laravel/framework/src/Illuminate/Pipeline/Pipeline.php(219): Illuminate/Http/Middleware/HandleCors->handle(Object(Illuminate/Http/Request), Object(Closure))
#36 D:/SEMESTER 6 D-IV TRPL/New folder/UTS-RPL-APPL-11423006/vendor/laravel/framework/src/Illuminate/Http/Middleware/TrustProxies.php(58): Illuminate/Pipeline/Pipeline->Illuminate/Pipeline/{closure}(Object(Illuminate/Http/Request))
#37 D:/SEMESTER 6 D-IV TRPL/New folder/UTS-RPL-APPL-11423006/vendor/laravel/framework/src/Illuminate/Pipeline/Pipeline.php(219): Illuminate/Http/Middleware/TrustProxies->handle(Object(Illuminate/Http/Request), Object(Closure))
#38 D:/SEMESTER 6 D-IV TRPL/New folder/UTS-RPL-APPL-11423006/vendor/laravel/framework/src/Illuminate/Foundation/Http/Middleware/InvokeDeferredCallbacks.php(22): Illuminate/Pipeline/Pipeline->Illuminate/Pipeline/{closure}(Object(Illuminate/Http/Request))
#39 D:/SEMESTER 6 D-IV TRPL/New folder/UTS-RPL-APPL-11423006/vendor/laravel/framework/src/Illuminate/Pipeline/Pipeline.php(219): Illuminate/Foundation/Http/Middleware/InvokeDeferredCallbacks->handle(Object(Illuminate/Http/Request), Object(Closure))
#40 D:/SEMESTER 6 D-IV TRPL/New folder/UTS-RPL-APPL-11423006/vendor/laravel/framework/src/Illuminate/Http/Middleware/ValidatePathEncoding.php(26): Illuminate/Pipeline/Pipeline->Illuminate/Pipeline/{closure}(Object(Illuminate/Http/Request))
#41 D:/SEMESTER 6 D-IV TRPL/New folder/UTS-RPL-APPL-11423006/vendor/laravel/framework/src/Illuminate/Pipeline/Pipeline.php(219): Illuminate/Http/Middleware/ValidatePathEncoding->handle(Object(Illuminate/Http/Request), Object(Closure))
#42 D:/SEMESTER 6 D-IV TRPL/New folder/UTS-RPL-APPL-11423006/vendor/laravel/framework/src/Illuminate/Pipeline/Pipeline.php(137): Illuminate/Pipeline/Pipeline->Illuminate/Pipeline/{closure}(Object(Illuminate/Http/Request))
#43 D:/SEMESTER 6 D-IV TRPL/New folder/UTS-RPL-APPL-11423006/vendor/laravel/framework/src/Illuminate/Foundation/Http/Kernel.php(175): Illuminate/Pipeline/Pipeline->then(Object(Closure))
#44 D:/SEMESTER 6 D-IV TRPL/New folder/UTS-RPL-APPL-11423006/vendor/laravel/framework/src/Illuminate/Foundation/Http/Kernel.php(144): Illuminate/Foundation/Http/Kernel->sendRequestThroughRouter(Object(Illuminate/Http/Request))
#45 D:/SEMESTER 6 D-IV TRPL/New folder/UTS-RPL-APPL-11423006/vendor/laravel/framework/src/Illuminate/Foundation/Application.php(1220): Illuminate/Foundation/Http/Kernel->handle(Object(Illuminate/Http/Request))
#46 D:/SEMESTER 6 D-IV TRPL/New folder/UTS-RPL-APPL-11423006/public/index.php(20): Illuminate/Foundation/Application->handleRequest(Object(Illuminate/Http/Request))
#47 D:/SEMESTER 6 D-IV TRPL/New folder/UTS-RPL-APPL-11423006/vendor/laravel/framework/src/Illuminate/Foundation/resources/server.php(23): require_once('D://SEMESTER 6 D...')
#48 {main}
"} 
[2026-04-18 05:28:27] production.ERROR: No application encryption key has been specified. {"exception":"[object] (Illuminate\\Encryption\\MissingAppKeyException(code: 0): No application encryption key has been specified. at D:/SEMESTER 6 D-IV TRPL/New folder/UTS-RPL-APPL-11423006/vendor/laravel/framework/src/Illuminate/Encryption/EncryptionServiceProvider.php:83)
[stacktrace]
#0 D:/SEMESTER 6 D-IV TRPL/New folder/UTS-RPL-APPL-11423006/vendor/laravel/framework/src/Illuminate/Support/helpers.php(393): Illuminate/Encryption/EncryptionServiceProvider->Illuminate/Encryption/{closure}(NULL)
#1 D:/SEMESTER 6 D-IV TRPL/New folder/UTS-RPL-APPL-11423006/vendor/laravel/framework/src/Illuminate/Encryption/EncryptionServiceProvider.php(81): tap(NULL, Object(Closure))
#2 D:/SEMESTER 6 D-IV TRPL/New folder/UTS-RPL-APPL-11423006/vendor/laravel/framework/src/Illuminate/Encryption/EncryptionServiceProvider.php(64): Illuminate/Encryption/EncryptionServiceProvider->key(Array)
#3 D:/SEMESTER 6 D-IV TRPL/New folder/UTS-RPL-APPL-11423006/vendor/laravel/framework/src/Illuminate/Encryption/EncryptionServiceProvider.php(32): Illuminate/Encryption/EncryptionServiceProvider->parseKey(Array)
#4 D:/SEMESTER 6 D-IV TRPL/New folder/UTS-RPL-APPL-11423006/vendor/laravel/framework/src/Illuminate/Container/Container.php(1115): Illuminate/Encryption/EncryptionServiceProvider->Illuminate/Encryption/{closure}(Object(Illuminate/Foundation/Application), Array)
#5 D:/SEMESTER 6 D-IV TRPL/New folder/UTS-RPL-APPL-11423006/vendor/laravel/framework/src/Illuminate/Container/Container.php(933): Illuminate/Container/Container->build(Object(Closure))
#6 D:/SEMESTER 6 D-IV TRPL/New folder/UTS-RPL-APPL-11423006/vendor/laravel/framework/src/Illuminate/Foundation/Application.php(1078): Illuminate/Container/Container->resolve('encrypter', Array, true)
#7 D:/SEMESTER 6 D-IV TRPL/New folder/UTS-RPL-APPL-11423006/vendor/laravel/framework/src/Illuminate/Container/Container.php(864): Illuminate/Foundation/Application->resolve('encrypter', Array)
#8 D:/SEMESTER 6 D-IV TRPL/New folder/UTS-RPL-APPL-11423006/vendor/laravel/framework/src/Illuminate/Foundation/Application.php(1058): Illuminate/Container/Container->make('encrypter', Array)
#9 D:/SEMESTER 6 D-IV TRPL/New folder/UTS-RPL-APPL-11423006/vendor/laravel/framework/src/Illuminate/Container/Container.php(1336): Illuminate/Foundation/Application->make('encrypter')
#10 D:/SEMESTER 6 D-IV TRPL/New folder/UTS-RPL-APPL-11423006/vendor/laravel/framework/src/Illuminate/Container/Container.php(1237): Illuminate/Container/Container->resolveClass(Object(ReflectionParameter), 'Illuminate//Cont...')
#11 D:/SEMESTER 6 D-IV TRPL/New folder/UTS-RPL-APPL-11423006/vendor/laravel/framework/src/Illuminate/Container/Container.php(1162): Illuminate/Container/Container->resolveDependencies(Array)
#12 D:/SEMESTER 6 D-IV TRPL/New folder/UTS-RPL-APPL-11423006/vendor/laravel/framework/src/Illuminate/Container/Container.php(933): Illuminate/Container/Container->build('Illuminate//Cook...')
#13 D:/SEMESTER 6 D-IV TRPL/New folder/UTS-RPL-APPL-11423006/vendor/laravel/framework/src/Illuminate/Foundation/Application.php(1078): Illuminate/Container/Container->resolve('Illuminate//Cook...', Array, true)
#14 D:/SEMESTER 6 D-IV TRPL/New folder/UTS-RPL-APPL-11423006/vendor/laravel/framework/src/Illuminate/Container/Container.php(864): Illuminate/Foundation/Application->resolve('Illuminate//Cook...', Array)
#15 D:/SEMESTER 6 D-IV TRPL/New folder/UTS-RPL-APPL-11423006/vendor/laravel/framework/src/Illuminate/Foundation/Application.php(1058): Illuminate/Container/Container->make('Illuminate//Cook...', Array)
#16 D:/SEMESTER 6 D-IV TRPL/New folder/UTS-RPL-APPL-11423006/vendor/laravel/framework/src/Illuminate/Foundation/Http/Kernel.php(257): Illuminate/Foundation/Application->make('Illuminate//Cook...')
#17 D:/SEMESTER 6 D-IV TRPL/New folder/UTS-RPL-APPL-11423006/vendor/laravel/framework/src/Illuminate/Foundation/Http/Kernel.php(215): Illuminate/Foundation/Http/Kernel->terminateMiddleware(Object(Illuminate/Http/Request), Object(Illuminate/Http/Response))
#18 D:/SEMESTER 6 D-IV TRPL/New folder/UTS-RPL-APPL-11423006/vendor/laravel/framework/src/Illuminate/Foundation/Application.php(1222): Illuminate/Foundation/Http/Kernel->terminate(Object(Illuminate/Http/Request), Object(Illuminate/Http/Response))
#19 D:/SEMESTER 6 D-IV TRPL/New folder/UTS-RPL-APPL-11423006/public/index.php(20): Illuminate/Foundation/Application->handleRequest(Object(Illuminate/Http/Request))
#20 D:/SEMESTER 6 D-IV TRPL/New folder/UTS-RPL-APPL-11423006/vendor/laravel/framework/src/Illuminate/Foundation/resources/server.php(23): require_once('D://SEMESTER 6 D...')
#21 {main}
"} 
[2026-04-18 05:31:34] production.ERROR: No application encryption key has been specified. {"exception":"[object] (Illuminate\\Encryption\\MissingAppKeyException(code: 0): No application encryption key has been specified. at D:/SEMESTER 6 D-IV TRPL/New folder/UTS-RPL-APPL-11423006/vendor/laravel/framework/src/Illuminate/Encryption/EncryptionServiceProvider.php:83)
[stacktrace]
#0 D:/SEMESTER 6 D-IV TRPL/New folder/UTS-RPL-APPL-11423006/vendor/laravel/framework/src/Illuminate/Support/helpers.php(393): Illuminate/Encryption/EncryptionServiceProvider->Illuminate/Encryption/{closure}(NULL)
#1 D:/SEMESTER 6 D-IV TRPL/New folder/UTS-RPL-APPL-11423006/vendor/laravel/framework/src/Illuminate/Encryption/EncryptionServiceProvider.php(81): tap(NULL, Object(Closure))
#2 D:/SEMESTER 6 D-IV TRPL/New folder/UTS-RPL-APPL-11423006/vendor/laravel/framework/src/Illuminate/Encryption/EncryptionServiceProvider.php(64): Illuminate/Encryption/EncryptionServiceProvider->key(Array)
#3 D:/SEMESTER 6 D-IV TRPL/New folder/UTS-RPL-APPL-11423006/vendor/laravel/framework/src/Illuminate/Encryption/EncryptionServiceProvider.php(32): Illuminate/Encryption/EncryptionServiceProvider->parseKey(Array)
#4 D:/SEMESTER 6 D-IV TRPL/New folder/UTS-RPL-APPL-11423006/vendor/laravel/framework/src/Illuminate/Container/Container.php(1115): Illuminate/Encryption/EncryptionServiceProvider->Illuminate/Encryption/{closure}(Object(Illuminate/Foundation/Application), Array)
#5 D:/SEMESTER 6 D-IV TRPL/New folder/UTS-RPL-APPL-11423006/vendor/laravel/framework/src/Illuminate/Container/Container.php(933): Illuminate/Container/Container->build(Object(Closure))
#6 D:/SEMESTER 6 D-IV TRPL/New folder/UTS-RPL-APPL-11423006/vendor/laravel/framework/src/Illuminate/Foundation/Application.php(1078): Illuminate/Container/Container->resolve('encrypter', Array, true)
#7 D:/SEMESTER 6 D-IV TRPL/New folder/UTS-RPL-APPL-11423006/vendor/laravel/framework/src/Illuminate/Container/Container.php(864): Illuminate/Foundation/Application->resolve('encrypter', Array)
#8 D:/SEMESTER 6 D-IV TRPL/New folder/UTS-RPL-APPL-11423006/vendor/laravel/framework/src/Illuminate/Foundation/Application.php(1058): Illuminate/Container/Container->make('encrypter', Array)
#9 D:/SEMESTER 6 D-IV TRPL/New folder/UTS-RPL-APPL-11423006/vendor/laravel/framework/src/Illuminate/Container/Container.php(1336): Illuminate/Foundation/Application->make('encrypter')
#10 D:/SEMESTER 6 D-IV TRPL/New folder/UTS-RPL-APPL-11423006/vendor/laravel/framework/src/Illuminate/Container/Container.php(1237): Illuminate/Container/Container->resolveClass(Object(ReflectionParameter), 'Illuminate//Cont...')
#11 D:/SEMESTER 6 D-IV TRPL/New folder/UTS-RPL-APPL-11423006/vendor/laravel/framework/src/Illuminate/Container/Container.php(1162): Illuminate/Container/Container->resolveDependencies(Array)
#12 D:/SEMESTER 6 D-IV TRPL/New folder/UTS-RPL-APPL-11423006/vendor/laravel/framework/src/Illuminate/Container/Container.php(933): Illuminate/Container/Container->build('Illuminate//Cook...')
#13 D:/SEMESTER 6 D-IV TRPL/New folder/UTS-RPL-APPL-11423006/vendor/laravel/framework/src/Illuminate/Foundation/Application.php(1078): Illuminate/Container/Container->resolve('Illuminate//Cook...', Array, true)
#14 D:/SEMESTER 6 D-IV TRPL/New folder/UTS-RPL-APPL-11423006/vendor/laravel/framework/src/Illuminate/Container/Container.php(864): Illuminate/Foundation/Application->resolve('Illuminate//Cook...', Array)
#15 D:/SEMESTER 6 D-IV TRPL/New folder/UTS-RPL-APPL-11423006/vendor/laravel/framework/src/Illuminate/Foundation/Application.php(1058): Illuminate/Container/Container->make('Illuminate//Cook...', Array)
#16 D:/SEMESTER 6 D-IV TRPL/New folder/UTS-RPL-APPL-11423006/vendor/laravel/framework/src/Illuminate/Pipeline/Pipeline.php(208): Illuminate/Foundation/Application->make('Illuminate//Cook...')
#17 D:/SEMESTER 6 D-IV TRPL/New folder/UTS-RPL-APPL-11423006/vendor/laravel/framework/src/Illuminate/Pipeline/Pipeline.php(137): Illuminate/Pipeline/Pipeline->Illuminate/Pipeline/{closure}(Object(Illuminate/Http/Request))
#18 D:/SEMESTER 6 D-IV TRPL/New folder/UTS-RPL-APPL-11423006/vendor/laravel/framework/src/Illuminate/Routing/Router.php(821): Illuminate/Pipeline/Pipeline->then(Object(Closure))
#19 D:/SEMESTER 6 D-IV TRPL/New folder/UTS-RPL-APPL-11423006/vendor/laravel/framework/src/Illuminate/Routing/Router.php(800): Illuminate/Routing/Router->runRouteWithinStack(Object(Illuminate/Routing/Route), Object(Illuminate/Http/Request))
#20 D:/SEMESTER 6 D-IV TRPL/New folder/UTS-RPL-APPL-11423006/vendor/laravel/framework/src/Illuminate/Routing/Router.php(764): Illuminate/Routing/Router->runRoute(Object(Illuminate/Http/Request), Object(Illuminate/Routing/Route))
#21 D:/SEMESTER 6 D-IV TRPL/New folder/UTS-RPL-APPL-11423006/vendor/laravel/framework/src/Illuminate/Routing/Router.php(753): Illuminate/Routing/Router->dispatchToRoute(Object(Illuminate/Http/Request))
#22 D:/SEMESTER 6 D-IV TRPL/New folder/UTS-RPL-APPL-11423006/vendor/laravel/framework/src/Illuminate/Foundation/Http/Kernel.php(200): Illuminate/Routing/Router->dispatch(Object(Illuminate/Http/Request))
#23 D:/SEMESTER 6 D-IV TRPL/New folder/UTS-RPL-APPL-11423006/vendor/laravel/framework/src/Illuminate/Pipeline/Pipeline.php(180): Illuminate/Foundation/Http/Kernel->Illuminate/Foundation/Http/{closure}(Object(Illuminate/Http/Request))
#24 D:/SEMESTER 6 D-IV TRPL/New folder/UTS-RPL-APPL-11423006/vendor/laravel/framework/src/Illuminate/Foundation/Http/Middleware/TransformsRequest.php(21): Illuminate/Pipeline/Pipeline->Illuminate/Pipeline/{closure}(Object(Illuminate/Http/Request))
#25 D:/SEMESTER 6 D-IV TRPL/New folder/UTS-RPL-APPL-11423006/vendor/laravel/framework/src/Illuminate/Foundation/Http/Middleware/ConvertEmptyStringsToNull.php(31): Illuminate/Foundation/Http/Middleware/TransformsRequest->handle(Object(Illuminate/Http/Request), Object(Closure))
#26 D:/SEMESTER 6 D-IV TRPL/New folder/UTS-RPL-APPL-11423006/vendor/laravel/framework/src/Illuminate/Pipeline/Pipeline.php(219): Illuminate/Foundation/Http/Middleware/ConvertEmptyStringsToNull->handle(Object(Illuminate/Http/Request), Object(Closure))
#27 D:/SEMESTER 6 D-IV TRPL/New folder/UTS-RPL-APPL-11423006/vendor/laravel/framework/src/Illuminate/Foundation/Http/Middleware/TransformsRequest.php(21): Illuminate/Pipeline/Pipeline->Illuminate/Pipeline/{closure}(Object(Illuminate/Http/Request))
#28 D:/SEMESTER 6 D-IV TRPL/New folder/UTS-RPL-APPL-11423006/vendor/laravel/framework/src/Illuminate/Foundation/Http/Middleware/TrimStrings.php(51): Illuminate/Foundation/Http/Middleware/TransformsRequest->handle(Object(Illuminate/Http/Request), Object(Closure))
#29 D:/SEMESTER 6 D-IV TRPL/New folder/UTS-RPL-APPL-11423006/vendor/laravel/framework/src/Illuminate/Pipeline/Pipeline.php(219): Illuminate/Foundation/Http/Middleware/TrimStrings->handle(Object(Illuminate/Http/Request), Object(Closure))
#30 D:/SEMESTER 6 D-IV TRPL/New folder/UTS-RPL-APPL-11423006/vendor/laravel/framework/src/Illuminate/Http/Middleware/ValidatePostSize.php(27): Illuminate/Pipeline/Pipeline->Illuminate/Pipeline/{closure}(Object(Illuminate/Http/Request))
#31 D:/SEMESTER 6 D-IV TRPL/New folder/UTS-RPL-APPL-11423006/vendor/laravel/framework/src/Illuminate/Pipeline/Pipeline.php(219): Illuminate/Http/Middleware/ValidatePostSize->handle(Object(Illuminate/Http/Request), Object(Closure))
#32 D:/SEMESTER 6 D-IV TRPL/New folder/UTS-RPL-APPL-11423006/vendor/laravel/framework/src/Illuminate/Foundation/Http/Middleware/PreventRequestsDuringMaintenance.php(109): Illuminate/Pipeline/Pipeline->Illuminate/Pipeline/{closure}(Object(Illuminate/Http/Request))
#33 D:/SEMESTER 6 D-IV TRPL/New folder/UTS-RPL-APPL-11423006/vendor/laravel/framework/src/Illuminate/Pipeline/Pipeline.php(219): Illuminate/Foundation/Http/Middleware/PreventRequestsDuringMaintenance->handle(Object(Illuminate/Http/Request), Object(Closure))
#34 D:/SEMESTER 6 D-IV TRPL/New folder/UTS-RPL-APPL-11423006/vendor/laravel/framework/src/Illuminate/Http/Middleware/HandleCors.php(61): Illuminate/Pipeline/Pipeline->Illuminate/Pipeline/{closure}(Object(Illuminate/Http/Request))
#35 D:/SEMESTER 6 D-IV TRPL/New folder/UTS-RPL-APPL-11423006/vendor/laravel/framework/src/Illuminate/Pipeline/Pipeline.php(219): Illuminate/Http/Middleware/HandleCors->handle(Object(Illuminate/Http/Request), Object(Closure))
#36 D:/SEMESTER 6 D-IV TRPL/New folder/UTS-RPL-APPL-11423006/vendor/laravel/framework/src/Illuminate/Http/Middleware/TrustProxies.php(58): Illuminate/Pipeline/Pipeline->Illuminate/Pipeline/{closure}(Object(Illuminate/Http/Request))
#37 D:/SEMESTER 6 D-IV TRPL/New folder/UTS-RPL-APPL-11423006/vendor/laravel/framework/src/Illuminate/Pipeline/Pipeline.php(219): Illuminate/Http/Middleware/TrustProxies->handle(Object(Illuminate/Http/Request), Object(Closure))
#38 D:/SEMESTER 6 D-IV TRPL/New folder/UTS-RPL-APPL-11423006/vendor/laravel/framework/src/Illuminate/Foundation/Http/Middleware/InvokeDeferredCallbacks.php(22): Illuminate/Pipeline/Pipeline->Illuminate/Pipeline/{closure}(Object(Illuminate/Http/Request))
#39 D:/SEMESTER 6 D-IV TRPL/New folder/UTS-RPL-APPL-11423006/vendor/laravel/framework/src/Illuminate/Pipeline/Pipeline.php(219): Illuminate/Foundation/Http/Middleware/InvokeDeferredCallbacks->handle(Object(Illuminate/Http/Request), Object(Closure))
#40 D:/SEMESTER 6 D-IV TRPL/New folder/UTS-RPL-APPL-11423006/vendor/laravel/framework/src/Illuminate/Http/Middleware/ValidatePathEncoding.php(26): Illuminate/Pipeline/Pipeline->Illuminate/Pipeline/{closure}(Object(Illuminate/Http/Request))
#41 D:/SEMESTER 6 D-IV TRPL/New folder/UTS-RPL-APPL-11423006/vendor/laravel/framework/src/Illuminate/Pipeline/Pipeline.php(219): Illuminate/Http/Middleware/ValidatePathEncoding->handle(Object(Illuminate/Http/Request), Object(Closure))
#42 D:/SEMESTER 6 D-IV TRPL/New folder/UTS-RPL-APPL-11423006/vendor/laravel/framework/src/Illuminate/Pipeline/Pipeline.php(137): Illuminate/Pipeline/Pipeline->Illuminate/Pipeline/{closure}(Object(Illuminate/Http/Request))
#43 D:/SEMESTER 6 D-IV TRPL/New folder/UTS-RPL-APPL-11423006/vendor/laravel/framework/src/Illuminate/Foundation/Http/Kernel.php(175): Illuminate/Pipeline/Pipeline->then(Object(Closure))
#44 D:/SEMESTER 6 D-IV TRPL/New folder/UTS-RPL-APPL-11423006/vendor/laravel/framework/src/Illuminate/Foundation/Http/Kernel.php(144): Illuminate/Foundation/Http/Kernel->sendRequestThroughRouter(Object(Illuminate/Http/Request))
#45 D:/SEMESTER 6 D-IV TRPL/New folder/UTS-RPL-APPL-11423006/vendor/laravel/framework/src/Illuminate/Foundation/Application.php(1220): Illuminate/Foundation/Http/Kernel->handle(Object(Illuminate/Http/Request))
#46 D:/SEMESTER 6 D-IV TRPL/New folder/UTS-RPL-APPL-11423006/public/index.php(20): Illuminate/Foundation/Application->handleRequest(Object(Illuminate/Http/Request))
#47 D:/SEMESTER 6 D-IV TRPL/New folder/UTS-RPL-APPL-11423006/vendor/laravel/framework/src/Illuminate/Foundation/resources/server.php(23): require_once('D://SEMESTER 6 D...')
#48 {main}
"} 
[2026-04-18 05:31:34] production.ERROR: No application encryption key has been specified. {"exception":"[object] (Illuminate\\Encryption\\MissingAppKeyException(code: 0): No application encryption key has been specified. at D:/SEMESTER 6 D-IV TRPL/New folder/UTS-RPL-APPL-11423006/vendor/laravel/framework/src/Illuminate/Encryption/EncryptionServiceProvider.php:83)
[stacktrace]
#0 D:/SEMESTER 6 D-IV TRPL/New folder/UTS-RPL-APPL-11423006/vendor/laravel/framework/src/Illuminate/Support/helpers.php(393): Illuminate/Encryption/EncryptionServiceProvider->Illuminate/Encryption/{closure}(NULL)
#1 D:/SEMESTER 6 D-IV TRPL/New folder/UTS-RPL-APPL-11423006/vendor/laravel/framework/src/Illuminate/Encryption/EncryptionServiceProvider.php(81): tap(NULL, Object(Closure))
#2 D:/SEMESTER 6 D-IV TRPL/New folder/UTS-RPL-APPL-11423006/vendor/laravel/framework/src/Illuminate/Encryption/EncryptionServiceProvider.php(64): Illuminate/Encryption/EncryptionServiceProvider->key(Array)
#3 D:/SEMESTER 6 D-IV TRPL/New folder/UTS-RPL-APPL-11423006/vendor/laravel/framework/src/Illuminate/Encryption/EncryptionServiceProvider.php(32): Illuminate/Encryption/EncryptionServiceProvider->parseKey(Array)
#4 D:/SEMESTER 6 D-IV TRPL/New folder/UTS-RPL-APPL-11423006/vendor/laravel/framework/src/Illuminate/Container/Container.php(1115): Illuminate/Encryption/EncryptionServiceProvider->Illuminate/Encryption/{closure}(Object(Illuminate/Foundation/Application), Array)
#5 D:/SEMESTER 6 D-IV TRPL/New folder/UTS-RPL-APPL-11423006/vendor/laravel/framework/src/Illuminate/Container/Container.php(933): Illuminate/Container/Container->build(Object(Closure))
#6 D:/SEMESTER 6 D-IV TRPL/New folder/UTS-RPL-APPL-11423006/vendor/laravel/framework/src/Illuminate/Foundation/Application.php(1078): Illuminate/Container/Container->resolve('encrypter', Array, true)
#7 D:/SEMESTER 6 D-IV TRPL/New folder/UTS-RPL-APPL-11423006/vendor/laravel/framework/src/Illuminate/Container/Container.php(864): Illuminate/Foundation/Application->resolve('encrypter', Array)
#8 D:/SEMESTER 6 D-IV TRPL/New folder/UTS-RPL-APPL-11423006/vendor/laravel/framework/src/Illuminate/Foundation/Application.php(1058): Illuminate/Container/Container->make('encrypter', Array)
#9 D:/SEMESTER 6 D-IV TRPL/New folder/UTS-RPL-APPL-11423006/vendor/laravel/framework/src/Illuminate/Container/Container.php(1336): Illuminate/Foundation/Application->make('encrypter')
#10 D:/SEMESTER 6 D-IV TRPL/New folder/UTS-RPL-APPL-11423006/vendor/laravel/framework/src/Illuminate/Container/Container.php(1237): Illuminate/Container/Container->resolveClass(Object(ReflectionParameter), 'Illuminate//Cont...')
#11 D:/SEMESTER 6 D-IV TRPL/New folder/UTS-RPL-APPL-11423006/vendor/laravel/framework/src/Illuminate/Container/Container.php(1162): Illuminate/Container/Container->resolveDependencies(Array)
#12 D:/SEMESTER 6 D-IV TRPL/New folder/UTS-RPL-APPL-11423006/vendor/laravel/framework/src/Illuminate/Container/Container.php(933): Illuminate/Container/Container->build('Illuminate//Cook...')
#13 D:/SEMESTER 6 D-IV TRPL/New folder/UTS-RPL-APPL-11423006/vendor/laravel/framework/src/Illuminate/Foundation/Application.php(1078): Illuminate/Container/Container->resolve('Illuminate//Cook...', Array, true)
#14 D:/SEMESTER 6 D-IV TRPL/New folder/UTS-RPL-APPL-11423006/vendor/laravel/framework/src/Illuminate/Container/Container.php(864): Illuminate/Foundation/Application->resolve('Illuminate//Cook...', Array)
#15 D:/SEMESTER 6 D-IV TRPL/New folder/UTS-RPL-APPL-11423006/vendor/laravel/framework/src/Illuminate/Foundation/Application.php(1058): Illuminate/Container/Container->make('Illuminate//Cook...', Array)
#16 D:/SEMESTER 6 D-IV TRPL/New folder/UTS-RPL-APPL-11423006/vendor/laravel/framework/src/Illuminate/Foundation/Http/Kernel.php(257): Illuminate/Foundation/Application->make('Illuminate//Cook...')
#17 D:/SEMESTER 6 D-IV TRPL/New folder/UTS-RPL-APPL-11423006/vendor/laravel/framework/src/Illuminate/Foundation/Http/Kernel.php(215): Illuminate/Foundation/Http/Kernel->terminateMiddleware(Object(Illuminate/Http/Request), Object(Illuminate/Http/Response))
#18 D:/SEMESTER 6 D-IV TRPL/New folder/UTS-RPL-APPL-11423006/vendor/laravel/framework/src/Illuminate/Foundation/Application.php(1222): Illuminate/Foundation/Http/Kernel->terminate(Object(Illuminate/Http/Request), Object(Illuminate/Http/Response))
#19 D:/SEMESTER 6 D-IV TRPL/New folder/UTS-RPL-APPL-11423006/public/index.php(20): Illuminate/Foundation/Application->handleRequest(Object(Illuminate/Http/Request))
#20 D:/SEMESTER 6 D-IV TRPL/New folder/UTS-RPL-APPL-11423006/vendor/laravel/framework/src/Illuminate/Foundation/resources/server.php(23): require_once('D://SEMESTER 6 D...')
#21 {main}
"} 
[2026-04-18 05:31:46] production.ERROR: No application encryption key has been specified. {"exception":"[object] (Illuminate\\Encryption\\MissingAppKeyException(code: 0): No application encryption key has been specified. at D:/SEMESTER 6 D-IV TRPL/New folder/UTS-RPL-APPL-11423006/vendor/laravel/framework/src/Illuminate/Encryption/EncryptionServiceProvider.php:83)
[stacktrace]
#0 D:/SEMESTER 6 D-IV TRPL/New folder/UTS-RPL-APPL-11423006/vendor/laravel/framework/src/Illuminate/Support/helpers.php(393): Illuminate/Encryption/EncryptionServiceProvider->Illuminate/Encryption/{closure}(NULL)
#1 D:/SEMESTER 6 D-IV TRPL/New folder/UTS-RPL-APPL-11423006/vendor/laravel/framework/src/Illuminate/Encryption/EncryptionServiceProvider.php(81): tap(NULL, Object(Closure))
#2 D:/SEMESTER 6 D-IV TRPL/New folder/UTS-RPL-APPL-11423006/vendor/laravel/framework/src/Illuminate/Encryption/EncryptionServiceProvider.php(64): Illuminate/Encryption/EncryptionServiceProvider->key(Array)
#3 D:/SEMESTER 6 D-IV TRPL/New folder/UTS-RPL-APPL-11423006/vendor/laravel/framework/src/Illuminate/Encryption/EncryptionServiceProvider.php(32): Illuminate/Encryption/EncryptionServiceProvider->parseKey(Array)
#4 D:/SEMESTER 6 D-IV TRPL/New folder/UTS-RPL-APPL-11423006/vendor/laravel/framework/src/Illuminate/Container/Container.php(1115): Illuminate/Encryption/EncryptionServiceProvider->Illuminate/Encryption/{closure}(Object(Illuminate/Foundation/Application), Array)
#5 D:/SEMESTER 6 D-IV TRPL/New folder/UTS-RPL-APPL-11423006/vendor/laravel/framework/src/Illuminate/Container/Container.php(933): Illuminate/Container/Container->build(Object(Closure))
#6 D:/SEMESTER 6 D-IV TRPL/New folder/UTS-RPL-APPL-11423006/vendor/laravel/framework/src/Illuminate/Foundation/Application.php(1078): Illuminate/Container/Container->resolve('encrypter', Array, true)
#7 D:/SEMESTER 6 D-IV TRPL/New folder/UTS-RPL-APPL-11423006/vendor/laravel/framework/src/Illuminate/Container/Container.php(864): Illuminate/Foundation/Application->resolve('encrypter', Array)
#8 D:/SEMESTER 6 D-IV TRPL/New folder/UTS-RPL-APPL-11423006/vendor/laravel/framework/src/Illuminate/Foundation/Application.php(1058): Illuminate/Container/Container->make('encrypter', Array)
#9 D:/SEMESTER 6 D-IV TRPL/New folder/UTS-RPL-APPL-11423006/vendor/laravel/framework/src/Illuminate/Container/Container.php(1336): Illuminate/Foundation/Application->make('encrypter')
#10 D:/SEMESTER 6 D-IV TRPL/New folder/UTS-RPL-APPL-11423006/vendor/laravel/framework/src/Illuminate/Container/Container.php(1237): Illuminate/Container/Container->resolveClass(Object(ReflectionParameter), 'Illuminate//Cont...')
#11 D:/SEMESTER 6 D-IV TRPL/New folder/UTS-RPL-APPL-11423006/vendor/laravel/framework/src/Illuminate/Container/Container.php(1162): Illuminate/Container/Container->resolveDependencies(Array)
#12 D:/SEMESTER 6 D-IV TRPL/New folder/UTS-RPL-APPL-11423006/vendor/laravel/framework/src/Illuminate/Container/Container.php(933): Illuminate/Container/Container->build('Illuminate//Cook...')
#13 D:/SEMESTER 6 D-IV TRPL/New folder/UTS-RPL-APPL-11423006/vendor/laravel/framework/src/Illuminate/Foundation/Application.php(1078): Illuminate/Container/Container->resolve('Illuminate//Cook...', Array, true)
#14 D:/SEMESTER 6 D-IV TRPL/New folder/UTS-RPL-APPL-11423006/vendor/laravel/framework/src/Illuminate/Container/Container.php(864): Illuminate/Foundation/Application->resolve('Illuminate//Cook...', Array)
#15 D:/SEMESTER 6 D-IV TRPL/New folder/UTS-RPL-APPL-11423006/vendor/laravel/framework/src/Illuminate/Foundation/Application.php(1058): Illuminate/Container/Container->make('Illuminate//Cook...', Array)
#16 D:/SEMESTER 6 D-IV TRPL/New folder/UTS-RPL-APPL-11423006/vendor/laravel/framework/src/Illuminate/Pipeline/Pipeline.php(208): Illuminate/Foundation/Application->make('Illuminate//Cook...')
#17 D:/SEMESTER 6 D-IV TRPL/New folder/UTS-RPL-APPL-11423006/vendor/laravel/framework/src/Illuminate/Pipeline/Pipeline.php(137): Illuminate/Pipeline/Pipeline->Illuminate/Pipeline/{closure}(Object(Illuminate/Http/Request))
#18 D:/SEMESTER 6 D-IV TRPL/New folder/UTS-RPL-APPL-11423006/vendor/laravel/framework/src/Illuminate/Routing/Router.php(821): Illuminate/Pipeline/Pipeline->then(Object(Closure))
#19 D:/SEMESTER 6 D-IV TRPL/New folder/UTS-RPL-APPL-11423006/vendor/laravel/framework/src/Illuminate/Routing/Router.php(800): Illuminate/Routing/Router->runRouteWithinStack(Object(Illuminate/Routing/Route), Object(Illuminate/Http/Request))
#20 D:/SEMESTER 6 D-IV TRPL/New folder/UTS-RPL-APPL-11423006/vendor/laravel/framework/src/Illuminate/Routing/Router.php(764): Illuminate/Routing/Router->runRoute(Object(Illuminate/Http/Request), Object(Illuminate/Routing/Route))
#21 D:/SEMESTER 6 D-IV TRPL/New folder/UTS-RPL-APPL-11423006/vendor/laravel/framework/src/Illuminate/Routing/Router.php(753): Illuminate/Routing/Router->dispatchToRoute(Object(Illuminate/Http/Request))
#22 D:/SEMESTER 6 D-IV TRPL/New folder/UTS-RPL-APPL-11423006/vendor/laravel/framework/src/Illuminate/Foundation/Http/Kernel.php(200): Illuminate/Routing/Router->dispatch(Object(Illuminate/Http/Request))
#23 D:/SEMESTER 6 D-IV TRPL/New folder/UTS-RPL-APPL-11423006/vendor/laravel/framework/src/Illuminate/Pipeline/Pipeline.php(180): Illuminate/Foundation/Http/Kernel->Illuminate/Foundation/Http/{closure}(Object(Illuminate/Http/Request))
#24 D:/SEMESTER 6 D-IV TRPL/New folder/UTS-RPL-APPL-11423006/vendor/laravel/framework/src/Illuminate/Foundation/Http/Middleware/TransformsRequest.php(21): Illuminate/Pipeline/Pipeline->Illuminate/Pipeline/{closure}(Object(Illuminate/Http/Request))
#25 D:/SEMESTER 6 D-IV TRPL/New folder/UTS-RPL-APPL-11423006/vendor/laravel/framework/src/Illuminate/Foundation/Http/Middleware/ConvertEmptyStringsToNull.php(31): Illuminate/Foundation/Http/Middleware/TransformsRequest->handle(Object(Illuminate/Http/Request), Object(Closure))
#26 D:/SEMESTER 6 D-IV TRPL/New folder/UTS-RPL-APPL-11423006/vendor/laravel/framework/src/Illuminate/Pipeline/Pipeline.php(219): Illuminate/Foundation/Http/Middleware/ConvertEmptyStringsToNull->handle(Object(Illuminate/Http/Request), Object(Closure))
#27 D:/SEMESTER 6 D-IV TRPL/New folder/UTS-RPL-APPL-11423006/vendor/laravel/framework/src/Illuminate/Foundation/Http/Middleware/TransformsRequest.php(21): Illuminate/Pipeline/Pipeline->Illuminate/Pipeline/{closure}(Object(Illuminate/Http/Request))
#28 D:/SEMESTER 6 D-IV TRPL/New folder/UTS-RPL-APPL-11423006/vendor/laravel/framework/src/Illuminate/Foundation/Http/Middleware/TrimStrings.php(51): Illuminate/Foundation/Http/Middleware/TransformsRequest->handle(Object(Illuminate/Http/Request), Object(Closure))
#29 D:/SEMESTER 6 D-IV TRPL/New folder/UTS-RPL-APPL-11423006/vendor/laravel/framework/src/Illuminate/Pipeline/Pipeline.php(219): Illuminate/Foundation/Http/Middleware/TrimStrings->handle(Object(Illuminate/Http/Request), Object(Closure))
#30 D:/SEMESTER 6 D-IV TRPL/New folder/UTS-RPL-APPL-11423006/vendor/laravel/framework/src/Illuminate/Http/Middleware/ValidatePostSize.php(27): Illuminate/Pipeline/Pipeline->Illuminate/Pipeline/{closure}(Object(Illuminate/Http/Request))
#31 D:/SEMESTER 6 D-IV TRPL/New folder/UTS-RPL-APPL-11423006/vendor/laravel/framework/src/Illuminate/Pipeline/Pipeline.php(219): Illuminate/Http/Middleware/ValidatePostSize->handle(Object(Illuminate/Http/Request), Object(Closure))
#32 D:/SEMESTER 6 D-IV TRPL/New folder/UTS-RPL-APPL-11423006/vendor/laravel/framework/src/Illuminate/Foundation/Http/Middleware/PreventRequestsDuringMaintenance.php(109): Illuminate/Pipeline/Pipeline->Illuminate/Pipeline/{closure}(Object(Illuminate/Http/Request))
#33 D:/SEMESTER 6 D-IV TRPL/New folder/UTS-RPL-APPL-11423006/vendor/laravel/framework/src/Illuminate/Pipeline/Pipeline.php(219): Illuminate/Foundation/Http/Middleware/PreventRequestsDuringMaintenance->handle(Object(Illuminate/Http/Request), Object(Closure))
#34 D:/SEMESTER 6 D-IV TRPL/New folder/UTS-RPL-APPL-11423006/vendor/laravel/framework/src/Illuminate/Http/Middleware/HandleCors.php(61): Illuminate/Pipeline/Pipeline->Illuminate/Pipeline/{closure}(Object(Illuminate/Http/Request))
#35 D:/SEMESTER 6 D-IV TRPL/New folder/UTS-RPL-APPL-11423006/vendor/laravel/framework/src/Illuminate/Pipeline/Pipeline.php(219): Illuminate/Http/Middleware/HandleCors->handle(Object(Illuminate/Http/Request), Object(Closure))
#36 D:/SEMESTER 6 D-IV TRPL/New folder/UTS-RPL-APPL-11423006/vendor/laravel/framework/src/Illuminate/Http/Middleware/TrustProxies.php(58): Illuminate/Pipeline/Pipeline->Illuminate/Pipeline/{closure}(Object(Illuminate/Http/Request))
#37 D:/SEMESTER 6 D-IV TRPL/New folder/UTS-RPL-APPL-11423006/vendor/laravel/framework/src/Illuminate/Pipeline/Pipeline.php(219): Illuminate/Http/Middleware/TrustProxies->handle(Object(Illuminate/Http/Request), Object(Closure))
#38 D:/SEMESTER 6 D-IV TRPL/New folder/UTS-RPL-APPL-11423006/vendor/laravel/framework/src/Illuminate/Foundation/Http/Middleware/InvokeDeferredCallbacks.php(22): Illuminate/Pipeline/Pipeline->Illuminate/Pipeline/{closure}(Object(Illuminate/Http/Request))
#39 D:/SEMESTER 6 D-IV TRPL/New folder/UTS-RPL-APPL-11423006/vendor/laravel/framework/src/Illuminate/Pipeline/Pipeline.php(219): Illuminate/Foundation/Http/Middleware/InvokeDeferredCallbacks->handle(Object(Illuminate/Http/Request), Object(Closure))
#40 D:/SEMESTER 6 D-IV TRPL/New folder/UTS-RPL-APPL-11423006/vendor/laravel/framework/src/Illuminate/Http/Middleware/ValidatePathEncoding.php(26): Illuminate/Pipeline/Pipeline->Illuminate/Pipeline/{closure}(Object(Illuminate/Http/Request))
#41 D:/SEMESTER 6 D-IV TRPL/New folder/UTS-RPL-APPL-11423006/vendor/laravel/framework/src/Illuminate/Pipeline/Pipeline.php(219): Illuminate/Http/Middleware/ValidatePathEncoding->handle(Object(Illuminate/Http/Request), Object(Closure))
#42 D:/SEMESTER 6 D-IV TRPL/New folder/UTS-RPL-APPL-11423006/vendor/laravel/framework/src/Illuminate/Pipeline/Pipeline.php(137): Illuminate/Pipeline/Pipeline->Illuminate/Pipeline/{closure}(Object(Illuminate/Http/Request))
#43 D:/SEMESTER 6 D-IV TRPL/New folder/UTS-RPL-APPL-11423006/vendor/laravel/framework/src/Illuminate/Foundation/Http/Kernel.php(175): Illuminate/Pipeline/Pipeline->then(Object(Closure))
#44 D:/SEMESTER 6 D-IV TRPL/New folder/UTS-RPL-APPL-11423006/vendor/laravel/framework/src/Illuminate/Foundation/Http/Kernel.php(144): Illuminate/Foundation/Http/Kernel->sendRequestThroughRouter(Object(Illuminate/Http/Request))
#45 D:/SEMESTER 6 D-IV TRPL/New folder/UTS-RPL-APPL-11423006/vendor/laravel/framework/src/Illuminate/Foundation/Application.php(1220): Illuminate/Foundation/Http/Kernel->handle(Object(Illuminate/Http/Request))
#46 D:/SEMESTER 6 D-IV TRPL/New folder/UTS-RPL-APPL-11423006/public/index.php(20): Illuminate/Foundation/Application->handleRequest(Object(Illuminate/Http/Request))
#47 D:/SEMESTER 6 D-IV TRPL/New folder/UTS-RPL-APPL-11423006/vendor/laravel/framework/src/Illuminate/Foundation/resources/server.php(23): require_once('D://SEMESTER 6 D...')
#48 {main}
"} 
[2026-04-18 05:31:46] production.ERROR: No application encryption key has been specified. {"exception":"[object] (Illuminate\\Encryption\\MissingAppKeyException(code: 0): No application encryption key has been specified. at D:/SEMESTER 6 D-IV TRPL/New folder/UTS-RPL-APPL-11423006/vendor/laravel/framework/src/Illuminate/Encryption/EncryptionServiceProvider.php:83)
[stacktrace]
#0 D:/SEMESTER 6 D-IV TRPL/New folder/UTS-RPL-APPL-11423006/vendor/laravel/framework/src/Illuminate/Support/helpers.php(393): Illuminate/Encryption/EncryptionServiceProvider->Illuminate/Encryption/{closure}(NULL)
#1 D:/SEMESTER 6 D-IV TRPL/New folder/UTS-RPL-APPL-11423006/vendor/laravel/framework/src/Illuminate/Encryption/EncryptionServiceProvider.php(81): tap(NULL, Object(Closure))
#2 D:/SEMESTER 6 D-IV TRPL/New folder/UTS-RPL-APPL-11423006/vendor/laravel/framework/src/Illuminate/Encryption/EncryptionServiceProvider.php(64): Illuminate/Encryption/EncryptionServiceProvider->key(Array)
#3 D:/SEMESTER 6 D-IV TRPL/New folder/UTS-RPL-APPL-11423006/vendor/laravel/framework/src/Illuminate/Encryption/EncryptionServiceProvider.php(32): Illuminate/Encryption/EncryptionServiceProvider->parseKey(Array)
#4 D:/SEMESTER 6 D-IV TRPL/New folder/UTS-RPL-APPL-11423006/vendor/laravel/framework/src/Illuminate/Container/Container.php(1115): Illuminate/Encryption/EncryptionServiceProvider->Illuminate/Encryption/{closure}(Object(Illuminate/Foundation/Application), Array)
#5 D:/SEMESTER 6 D-IV TRPL/New folder/UTS-RPL-APPL-11423006/vendor/laravel/framework/src/Illuminate/Container/Container.php(933): Illuminate/Container/Container->build(Object(Closure))
#6 D:/SEMESTER 6 D-IV TRPL/New folder/UTS-RPL-APPL-11423006/vendor/laravel/framework/src/Illuminate/Foundation/Application.php(1078): Illuminate/Container/Container->resolve('encrypter', Array, true)
#7 D:/SEMESTER 6 D-IV TRPL/New folder/UTS-RPL-APPL-11423006/vendor/laravel/framework/src/Illuminate/Container/Container.php(864): Illuminate/Foundation/Application->resolve('encrypter', Array)
#8 D:/SEMESTER 6 D-IV TRPL/New folder/UTS-RPL-APPL-11423006/vendor/laravel/framework/src/Illuminate/Foundation/Application.php(1058): Illuminate/Container/Container->make('encrypter', Array)
#9 D:/SEMESTER 6 D-IV TRPL/New folder/UTS-RPL-APPL-11423006/vendor/laravel/framework/src/Illuminate/Container/Container.php(1336): Illuminate/Foundation/Application->make('encrypter')
#10 D:/SEMESTER 6 D-IV TRPL/New folder/UTS-RPL-APPL-11423006/vendor/laravel/framework/src/Illuminate/Container/Container.php(1237): Illuminate/Container/Container->resolveClass(Object(ReflectionParameter), 'Illuminate//Cont...')
#11 D:/SEMESTER 6 D-IV TRPL/New folder/UTS-RPL-APPL-11423006/vendor/laravel/framework/src/Illuminate/Container/Container.php(1162): Illuminate/Container/Container->resolveDependencies(Array)
#12 D:/SEMESTER 6 D-IV TRPL/New folder/UTS-RPL-APPL-11423006/vendor/laravel/framework/src/Illuminate/Container/Container.php(933): Illuminate/Container/Container->build('Illuminate//Cook...')
#13 D:/SEMESTER 6 D-IV TRPL/New folder/UTS-RPL-APPL-11423006/vendor/laravel/framework/src/Illuminate/Foundation/Application.php(1078): Illuminate/Container/Container->resolve('Illuminate//Cook...', Array, true)
#14 D:/SEMESTER 6 D-IV TRPL/New folder/UTS-RPL-APPL-11423006/vendor/laravel/framework/src/Illuminate/Container/Container.php(864): Illuminate/Foundation/Application->resolve('Illuminate//Cook...', Array)
#15 D:/SEMESTER 6 D-IV TRPL/New folder/UTS-RPL-APPL-11423006/vendor/laravel/framework/src/Illuminate/Foundation/Application.php(1058): Illuminate/Container/Container->make('Illuminate//Cook...', Array)
#16 D:/SEMESTER 6 D-IV TRPL/New folder/UTS-RPL-APPL-11423006/vendor/laravel/framework/src/Illuminate/Foundation/Http/Kernel.php(257): Illuminate/Foundation/Application->make('Illuminate//Cook...')
#17 D:/SEMESTER 6 D-IV TRPL/New folder/UTS-RPL-APPL-11423006/vendor/laravel/framework/src/Illuminate/Foundation/Http/Kernel.php(215): Illuminate/Foundation/Http/Kernel->terminateMiddleware(Object(Illuminate/Http/Request), Object(Illuminate/Http/Response))
#18 D:/SEMESTER 6 D-IV TRPL/New folder/UTS-RPL-APPL-11423006/vendor/laravel/framework/src/Illuminate/Foundation/Application.php(1222): Illuminate/Foundation/Http/Kernel->terminate(Object(Illuminate/Http/Request), Object(Illuminate/Http/Response))
#19 D:/SEMESTER 6 D-IV TRPL/New folder/UTS-RPL-APPL-11423006/public/index.php(20): Illuminate/Foundation/Application->handleRequest(Object(Illuminate/Http/Request))
#20 D:/SEMESTER 6 D-IV TRPL/New folder/UTS-RPL-APPL-11423006/vendor/laravel/framework/src/Illuminate/Foundation/resources/server.php(23): require_once('D://SEMESTER 6 D...')
#21 {main}
"} 
[2026-04-18 05:31:46] production.ERROR: No application encryption key has been specified. {"exception":"[object] (Illuminate\\Encryption\\MissingAppKeyException(code: 0): No application encryption key has been specified. at D:/SEMESTER 6 D-IV TRPL/New folder/UTS-RPL-APPL-11423006/vendor/laravel/framework/src/Illuminate/Encryption/EncryptionServiceProvider.php:83)
[stacktrace]
#0 D:/SEMESTER 6 D-IV TRPL/New folder/UTS-RPL-APPL-11423006/vendor/laravel/framework/src/Illuminate/Support/helpers.php(393): Illuminate/Encryption/EncryptionServiceProvider->Illuminate/Encryption/{closure}(NULL)
#1 D:/SEMESTER 6 D-IV TRPL/New folder/UTS-RPL-APPL-11423006/vendor/laravel/framework/src/Illuminate/Encryption/EncryptionServiceProvider.php(81): tap(NULL, Object(Closure))
#2 D:/SEMESTER 6 D-IV TRPL/New folder/UTS-RPL-APPL-11423006/vendor/laravel/framework/src/Illuminate/Encryption/EncryptionServiceProvider.php(64): Illuminate/Encryption/EncryptionServiceProvider->key(Array)
#3 D:/SEMESTER 6 D-IV TRPL/New folder/UTS-RPL-APPL-11423006/vendor/laravel/framework/src/Illuminate/Encryption/EncryptionServiceProvider.php(32): Illuminate/Encryption/EncryptionServiceProvider->parseKey(Array)
#4 D:/SEMESTER 6 D-IV TRPL/New folder/UTS-RPL-APPL-11423006/vendor/laravel/framework/src/Illuminate/Container/Container.php(1115): Illuminate/Encryption/EncryptionServiceProvider->Illuminate/Encryption/{closure}(Object(Illuminate/Foundation/Application), Array)
#5 D:/SEMESTER 6 D-IV TRPL/New folder/UTS-RPL-APPL-11423006/vendor/laravel/framework/src/Illuminate/Container/Container.php(933): Illuminate/Container/Container->build(Object(Closure))
#6 D:/SEMESTER 6 D-IV TRPL/New folder/UTS-RPL-APPL-11423006/vendor/laravel/framework/src/Illuminate/Foundation/Application.php(1078): Illuminate/Container/Container->resolve('encrypter', Array, true)
#7 D:/SEMESTER 6 D-IV TRPL/New folder/UTS-RPL-APPL-11423006/vendor/laravel/framework/src/Illuminate/Container/Container.php(864): Illuminate/Foundation/Application->resolve('encrypter', Array)
#8 D:/SEMESTER 6 D-IV TRPL/New folder/UTS-RPL-APPL-11423006/vendor/laravel/framework/src/Illuminate/Foundation/Application.php(1058): Illuminate/Container/Container->make('encrypter', Array)
#9 D:/SEMESTER 6 D-IV TRPL/New folder/UTS-RPL-APPL-11423006/vendor/laravel/framework/src/Illuminate/Container/Container.php(1336): Illuminate/Foundation/Application->make('encrypter')
#10 D:/SEMESTER 6 D-IV TRPL/New folder/UTS-RPL-APPL-11423006/vendor/laravel/framework/src/Illuminate/Container/Container.php(1237): Illuminate/Container/Container->resolveClass(Object(ReflectionParameter), 'Illuminate//Cont...')
#11 D:/SEMESTER 6 D-IV TRPL/New folder/UTS-RPL-APPL-11423006/vendor/laravel/framework/src/Illuminate/Container/Container.php(1162): Illuminate/Container/Container->resolveDependencies(Array)
#12 D:/SEMESTER 6 D-IV TRPL/New folder/UTS-RPL-APPL-11423006/vendor/laravel/framework/src/Illuminate/Container/Container.php(933): Illuminate/Container/Container->build('Illuminate//Cook...')
#13 D:/SEMESTER 6 D-IV TRPL/New folder/UTS-RPL-APPL-11423006/vendor/laravel/framework/src/Illuminate/Foundation/Application.php(1078): Illuminate/Container/Container->resolve('Illuminate//Cook...', Array, true)
#14 D:/SEMESTER 6 D-IV TRPL/New folder/UTS-RPL-APPL-11423006/vendor/laravel/framework/src/Illuminate/Container/Container.php(864): Illuminate/Foundation/Application->resolve('Illuminate//Cook...', Array)
#15 D:/SEMESTER 6 D-IV TRPL/New folder/UTS-RPL-APPL-11423006/vendor/laravel/framework/src/Illuminate/Foundation/Application.php(1058): Illuminate/Container/Container->make('Illuminate//Cook...', Array)
#16 D:/SEMESTER 6 D-IV TRPL/New folder/UTS-RPL-APPL-11423006/vendor/laravel/framework/src/Illuminate/Pipeline/Pipeline.php(208): Illuminate/Foundation/Application->make('Illuminate//Cook...')
#17 D:/SEMESTER 6 D-IV TRPL/New folder/UTS-RPL-APPL-11423006/vendor/laravel/framework/src/Illuminate/Pipeline/Pipeline.php(137): Illuminate/Pipeline/Pipeline->Illuminate/Pipeline/{closure}(Object(Illuminate/Http/Request))
#18 D:/SEMESTER 6 D-IV TRPL/New folder/UTS-RPL-APPL-11423006/vendor/laravel/framework/src/Illuminate/Routing/Router.php(821): Illuminate/Pipeline/Pipeline->then(Object(Closure))
#19 D:/SEMESTER 6 D-IV TRPL/New folder/UTS-RPL-APPL-11423006/vendor/laravel/framework/src/Illuminate/Routing/Router.php(800): Illuminate/Routing/Router->runRouteWithinStack(Object(Illuminate/Routing/Route), Object(Illuminate/Http/Request))
#20 D:/SEMESTER 6 D-IV TRPL/New folder/UTS-RPL-APPL-11423006/vendor/laravel/framework/src/Illuminate/Routing/Router.php(764): Illuminate/Routing/Router->runRoute(Object(Illuminate/Http/Request), Object(Illuminate/Routing/Route))
#21 D:/SEMESTER 6 D-IV TRPL/New folder/UTS-RPL-APPL-11423006/vendor/laravel/framework/src/Illuminate/Routing/Router.php(753): Illuminate/Routing/Router->dispatchToRoute(Object(Illuminate/Http/Request))
#22 D:/SEMESTER 6 D-IV TRPL/New folder/UTS-RPL-APPL-11423006/vendor/laravel/framework/src/Illuminate/Foundation/Http/Kernel.php(200): Illuminate/Routing/Router->dispatch(Object(Illuminate/Http/Request))
#23 D:/SEMESTER 6 D-IV TRPL/New folder/UTS-RPL-APPL-11423006/vendor/laravel/framework/src/Illuminate/Pipeline/Pipeline.php(180): Illuminate/Foundation/Http/Kernel->Illuminate/Foundation/Http/{closure}(Object(Illuminate/Http/Request))
#24 D:/SEMESTER 6 D-IV TRPL/New folder/UTS-RPL-APPL-11423006/vendor/laravel/framework/src/Illuminate/Foundation/Http/Middleware/TransformsRequest.php(21): Illuminate/Pipeline/Pipeline->Illuminate/Pipeline/{closure}(Object(Illuminate/Http/Request))
#25 D:/SEMESTER 6 D-IV TRPL/New folder/UTS-RPL-APPL-11423006/vendor/laravel/framework/src/Illuminate/Foundation/Http/Middleware/ConvertEmptyStringsToNull.php(31): Illuminate/Foundation/Http/Middleware/TransformsRequest->handle(Object(Illuminate/Http/Request), Object(Closure))
#26 D:/SEMESTER 6 D-IV TRPL/New folder/UTS-RPL-APPL-11423006/vendor/laravel/framework/src/Illuminate/Pipeline/Pipeline.php(219): Illuminate/Foundation/Http/Middleware/ConvertEmptyStringsToNull->handle(Object(Illuminate/Http/Request), Object(Closure))
#27 D:/SEMESTER 6 D-IV TRPL/New folder/UTS-RPL-APPL-11423006/vendor/laravel/framework/src/Illuminate/Foundation/Http/Middleware/TransformsRequest.php(21): Illuminate/Pipeline/Pipeline->Illuminate/Pipeline/{closure}(Object(Illuminate/Http/Request))
#28 D:/SEMESTER 6 D-IV TRPL/New folder/UTS-RPL-APPL-11423006/vendor/laravel/framework/src/Illuminate/Foundation/Http/Middleware/TrimStrings.php(51): Illuminate/Foundation/Http/Middleware/TransformsRequest->handle(Object(Illuminate/Http/Request), Object(Closure))
#29 D:/SEMESTER 6 D-IV TRPL/New folder/UTS-RPL-APPL-11423006/vendor/laravel/framework/src/Illuminate/Pipeline/Pipeline.php(219): Illuminate/Foundation/Http/Middleware/TrimStrings->handle(Object(Illuminate/Http/Request), Object(Closure))
#30 D:/SEMESTER 6 D-IV TRPL/New folder/UTS-RPL-APPL-11423006/vendor/laravel/framework/src/Illuminate/Http/Middleware/ValidatePostSize.php(27): Illuminate/Pipeline/Pipeline->Illuminate/Pipeline/{closure}(Object(Illuminate/Http/Request))
#31 D:/SEMESTER 6 D-IV TRPL/New folder/UTS-RPL-APPL-11423006/vendor/laravel/framework/src/Illuminate/Pipeline/Pipeline.php(219): Illuminate/Http/Middleware/ValidatePostSize->handle(Object(Illuminate/Http/Request), Object(Closure))
#32 D:/SEMESTER 6 D-IV TRPL/New folder/UTS-RPL-APPL-11423006/vendor/laravel/framework/src/Illuminate/Foundation/Http/Middleware/PreventRequestsDuringMaintenance.php(109): Illuminate/Pipeline/Pipeline->Illuminate/Pipeline/{closure}(Object(Illuminate/Http/Request))
#33 D:/SEMESTER 6 D-IV TRPL/New folder/UTS-RPL-APPL-11423006/vendor/laravel/framework/src/Illuminate/Pipeline/Pipeline.php(219): Illuminate/Foundation/Http/Middleware/PreventRequestsDuringMaintenance->handle(Object(Illuminate/Http/Request), Object(Closure))
#34 D:/SEMESTER 6 D-IV TRPL/New folder/UTS-RPL-APPL-11423006/vendor/laravel/framework/src/Illuminate/Http/Middleware/HandleCors.php(61): Illuminate/Pipeline/Pipeline->Illuminate/Pipeline/{closure}(Object(Illuminate/Http/Request))
#35 D:/SEMESTER 6 D-IV TRPL/New folder/UTS-RPL-APPL-11423006/vendor/laravel/framework/src/Illuminate/Pipeline/Pipeline.php(219): Illuminate/Http/Middleware/HandleCors->handle(Object(Illuminate/Http/Request), Object(Closure))
#36 D:/SEMESTER 6 D-IV TRPL/New folder/UTS-RPL-APPL-11423006/vendor/laravel/framework/src/Illuminate/Http/Middleware/TrustProxies.php(58): Illuminate/Pipeline/Pipeline->Illuminate/Pipeline/{closure}(Object(Illuminate/Http/Request))
#37 D:/SEMESTER 6 D-IV TRPL/New folder/UTS-RPL-APPL-11423006/vendor/laravel/framework/src/Illuminate/Pipeline/Pipeline.php(219): Illuminate/Http/Middleware/TrustProxies->handle(Object(Illuminate/Http/Request), Object(Closure))
#38 D:/SEMESTER 6 D-IV TRPL/New folder/UTS-RPL-APPL-11423006/vendor/laravel/framework/src/Illuminate/Foundation/Http/Middleware/InvokeDeferredCallbacks.php(22): Illuminate/Pipeline/Pipeline->Illuminate/Pipeline/{closure}(Object(Illuminate/Http/Request))
#39 D:/SEMESTER 6 D-IV TRPL/New folder/UTS-RPL-APPL-11423006/vendor/laravel/framework/src/Illuminate/Pipeline/Pipeline.php(219): Illuminate/Foundation/Http/Middleware/InvokeDeferredCallbacks->handle(Object(Illuminate/Http/Request), Object(Closure))
#40 D:/SEMESTER 6 D-IV TRPL/New folder/UTS-RPL-APPL-11423006/vendor/laravel/framework/src/Illuminate/Http/Middleware/ValidatePathEncoding.php(26): Illuminate/Pipeline/Pipeline->Illuminate/Pipeline/{closure}(Object(Illuminate/Http/Request))
#41 D:/SEMESTER 6 D-IV TRPL/New folder/UTS-RPL-APPL-11423006/vendor/laravel/framework/src/Illuminate/Pipeline/Pipeline.php(219): Illuminate/Http/Middleware/ValidatePathEncoding->handle(Object(Illuminate/Http/Request), Object(Closure))
#42 D:/SEMESTER 6 D-IV TRPL/New folder/UTS-RPL-APPL-11423006/vendor/laravel/framework/src/Illuminate/Pipeline/Pipeline.php(137): Illuminate/Pipeline/Pipeline->Illuminate/Pipeline/{closure}(Object(Illuminate/Http/Request))
#43 D:/SEMESTER 6 D-IV TRPL/New folder/UTS-RPL-APPL-11423006/vendor/laravel/framework/src/Illuminate/Foundation/Http/Kernel.php(175): Illuminate/Pipeline/Pipeline->then(Object(Closure))
#44 D:/SEMESTER 6 D-IV TRPL/New folder/UTS-RPL-APPL-11423006/vendor/laravel/framework/src/Illuminate/Foundation/Http/Kernel.php(144): Illuminate/Foundation/Http/Kernel->sendRequestThroughRouter(Object(Illuminate/Http/Request))
#45 D:/SEMESTER 6 D-IV TRPL/New folder/UTS-RPL-APPL-11423006/vendor/laravel/framework/src/Illuminate/Foundation/Application.php(1220): Illuminate/Foundation/Http/Kernel->handle(Object(Illuminate/Http/Request))
#46 D:/SEMESTER 6 D-IV TRPL/New folder/UTS-RPL-APPL-11423006/public/index.php(20): Illuminate/Foundation/Application->handleRequest(Object(Illuminate/Http/Request))
#47 D:/SEMESTER 6 D-IV TRPL/New folder/UTS-RPL-APPL-11423006/vendor/laravel/framework/src/Illuminate/Foundation/resources/server.php(23): require_once('D://SEMESTER 6 D...')
#48 {main}
"} 
[2026-04-18 05:31:47] production.ERROR: No application encryption key has been specified. {"exception":"[object] (Illuminate\\Encryption\\MissingAppKeyException(code: 0): No application encryption key has been specified. at D:/SEMESTER 6 D-IV TRPL/New folder/UTS-RPL-APPL-11423006/vendor/laravel/framework/src/Illuminate/Encryption/EncryptionServiceProvider.php:83)
[stacktrace]
#0 D:/SEMESTER 6 D-IV TRPL/New folder/UTS-RPL-APPL-11423006/vendor/laravel/framework/src/Illuminate/Support/helpers.php(393): Illuminate/Encryption/EncryptionServiceProvider->Illuminate/Encryption/{closure}(NULL)
#1 D:/SEMESTER 6 D-IV TRPL/New folder/UTS-RPL-APPL-11423006/vendor/laravel/framework/src/Illuminate/Encryption/EncryptionServiceProvider.php(81): tap(NULL, Object(Closure))
#2 D:/SEMESTER 6 D-IV TRPL/New folder/UTS-RPL-APPL-11423006/vendor/laravel/framework/src/Illuminate/Encryption/EncryptionServiceProvider.php(64): Illuminate/Encryption/EncryptionServiceProvider->key(Array)
#3 D:/SEMESTER 6 D-IV TRPL/New folder/UTS-RPL-APPL-11423006/vendor/laravel/framework/src/Illuminate/Encryption/EncryptionServiceProvider.php(32): Illuminate/Encryption/EncryptionServiceProvider->parseKey(Array)
#4 D:/SEMESTER 6 D-IV TRPL/New folder/UTS-RPL-APPL-11423006/vendor/laravel/framework/src/Illuminate/Container/Container.php(1115): Illuminate/Encryption/EncryptionServiceProvider->Illuminate/Encryption/{closure}(Object(Illuminate/Foundation/Application), Array)
#5 D:/SEMESTER 6 D-IV TRPL/New folder/UTS-RPL-APPL-11423006/vendor/laravel/framework/src/Illuminate/Container/Container.php(933): Illuminate/Container/Container->build(Object(Closure))
#6 D:/SEMESTER 6 D-IV TRPL/New folder/UTS-RPL-APPL-11423006/vendor/laravel/framework/src/Illuminate/Foundation/Application.php(1078): Illuminate/Container/Container->resolve('encrypter', Array, true)
#7 D:/SEMESTER 6 D-IV TRPL/New folder/UTS-RPL-APPL-11423006/vendor/laravel/framework/src/Illuminate/Container/Container.php(864): Illuminate/Foundation/Application->resolve('encrypter', Array)
#8 D:/SEMESTER 6 D-IV TRPL/New folder/UTS-RPL-APPL-11423006/vendor/laravel/framework/src/Illuminate/Foundation/Application.php(1058): Illuminate/Container/Container->make('encrypter', Array)
#9 D:/SEMESTER 6 D-IV TRPL/New folder/UTS-RPL-APPL-11423006/vendor/laravel/framework/src/Illuminate/Container/Container.php(1336): Illuminate/Foundation/Application->make('encrypter')
#10 D:/SEMESTER 6 D-IV TRPL/New folder/UTS-RPL-APPL-11423006/vendor/laravel/framework/src/Illuminate/Container/Container.php(1237): Illuminate/Container/Container->resolveClass(Object(ReflectionParameter), 'Illuminate//Cont...')
#11 D:/SEMESTER 6 D-IV TRPL/New folder/UTS-RPL-APPL-11423006/vendor/laravel/framework/src/Illuminate/Container/Container.php(1162): Illuminate/Container/Container->resolveDependencies(Array)
#12 D:/SEMESTER 6 D-IV TRPL/New folder/UTS-RPL-APPL-11423006/vendor/laravel/framework/src/Illuminate/Container/Container.php(933): Illuminate/Container/Container->build('Illuminate//Cook...')
#13 D:/SEMESTER 6 D-IV TRPL/New folder/UTS-RPL-APPL-11423006/vendor/laravel/framework/src/Illuminate/Foundation/Application.php(1078): Illuminate/Container/Container->resolve('Illuminate//Cook...', Array, true)
#14 D:/SEMESTER 6 D-IV TRPL/New folder/UTS-RPL-APPL-11423006/vendor/laravel/framework/src/Illuminate/Container/Container.php(864): Illuminate/Foundation/Application->resolve('Illuminate//Cook...', Array)
#15 D:/SEMESTER 6 D-IV TRPL/New folder/UTS-RPL-APPL-11423006/vendor/laravel/framework/src/Illuminate/Foundation/Application.php(1058): Illuminate/Container/Container->make('Illuminate//Cook...', Array)
#16 D:/SEMESTER 6 D-IV TRPL/New folder/UTS-RPL-APPL-11423006/vendor/laravel/framework/src/Illuminate/Foundation/Http/Kernel.php(257): Illuminate/Foundation/Application->make('Illuminate//Cook...')
#17 D:/SEMESTER 6 D-IV TRPL/New folder/UTS-RPL-APPL-11423006/vendor/laravel/framework/src/Illuminate/Foundation/Http/Kernel.php(215): Illuminate/Foundation/Http/Kernel->terminateMiddleware(Object(Illuminate/Http/Request), Object(Illuminate/Http/Response))
#18 D:/SEMESTER 6 D-IV TRPL/New folder/UTS-RPL-APPL-11423006/vendor/laravel/framework/src/Illuminate/Foundation/Application.php(1222): Illuminate/Foundation/Http/Kernel->terminate(Object(Illuminate/Http/Request), Object(Illuminate/Http/Response))
#19 D:/SEMESTER 6 D-IV TRPL/New folder/UTS-RPL-APPL-11423006/public/index.php(20): Illuminate/Foundation/Application->handleRequest(Object(Illuminate/Http/Request))
#20 D:/SEMESTER 6 D-IV TRPL/New folder/UTS-RPL-APPL-11423006/vendor/laravel/framework/src/Illuminate/Foundation/resources/server.php(23): require_once('D://SEMESTER 6 D...')
#21 {main}
"} 
[2026-04-18 05:36:18] production.ERROR: filemtime(): stat failed for D:\SEMESTER 6 D-IV TRPL\New folder\UTS-RPL-APPL-11423006\.env {"exception":"[object] (ErrorException(code: 0): filemtime(): stat failed for D:\\SEMESTER 6 D-IV TRPL\\New folder\\UTS-RPL-APPL-11423006\\.env at D:/SEMESTER 6 D-IV TRPL/New folder/UTS-RPL-APPL-11423006/vendor/laravel/framework/src/Illuminate/Foundation/Console/ServeCommand.php:147)
[stacktrace]
#0 D:/SEMESTER 6 D-IV TRPL/New folder/UTS-RPL-APPL-11423006/vendor/laravel/framework/src/Illuminate/Foundation/Bootstrap/HandleExceptions.php(258): Illuminate/Foundation/Bootstrap/HandleExceptions->handleError(2, 'filemtime(): st...', 'D://SEMESTER 6 D...', 147)
#1 [internal function]: Illuminate/Foundation/Bootstrap/HandleExceptions->Illuminate/Foundation/Bootstrap/{closure}(2, 'filemtime(): st...', 'D://SEMESTER 6 D...', 147)
#2 D:/SEMESTER 6 D-IV TRPL/New folder/UTS-RPL-APPL-11423006/vendor/laravel/framework/src/Illuminate/Foundation/Console/ServeCommand.php(147): filemtime('D://SEMESTER 6 D...')
#3 D:/SEMESTER 6 D-IV TRPL/New folder/UTS-RPL-APPL-11423006/vendor/laravel/framework/src/Illuminate/Container/BoundMethod.php(36): Illuminate/Foundation/Console/ServeCommand->handle()
#4 D:/SEMESTER 6 D-IV TRPL/New folder/UTS-RPL-APPL-11423006/vendor/laravel/framework/src/Illuminate/Container/Util.php(43): Illuminate/Container/BoundMethod::Illuminate/Container/{closure}()
#5 D:/SEMESTER 6 D-IV TRPL/New folder/UTS-RPL-APPL-11423006/vendor/laravel/framework/src/Illuminate/Container/BoundMethod.php(96): Illuminate/Container/Util::unwrapIfClosure(Object(Closure))
#6 D:/SEMESTER 6 D-IV TRPL/New folder/UTS-RPL-APPL-11423006/vendor/laravel/framework/src/Illuminate/Container/BoundMethod.php(35): Illuminate/Container/BoundMethod::callBoundMethod(Object(Illuminate/Foundation/Application), Array, Object(Closure))
#7 D:/SEMESTER 6 D-IV TRPL/New folder/UTS-RPL-APPL-11423006/vendor/laravel/framework/src/Illuminate/Container/Container.php(799): Illuminate/Container/BoundMethod::call(Object(Illuminate/Foundation/Application), Array, Array, NULL)
#8 D:/SEMESTER 6 D-IV TRPL/New folder/UTS-RPL-APPL-11423006/vendor/laravel/framework/src/Illuminate/Console/Command.php(211): Illuminate/Container/Container->call(Array)
#9 D:/SEMESTER 6 D-IV TRPL/New folder/UTS-RPL-APPL-11423006/vendor/symfony/console/Command/Command.php(341): Illuminate/Console/Command->execute(Object(Symfony/Component/Console/Input/ArgvInput), Object(Illuminate/Console/OutputStyle))
#10 D:/SEMESTER 6 D-IV TRPL/New folder/UTS-RPL-APPL-11423006/vendor/laravel/framework/src/Illuminate/Console/Command.php(180): Symfony/Component/Console/Command/Command->run(Object(Symfony/Component/Console/Input/ArgvInput), Object(Illuminate/Console/OutputStyle))
#11 D:/SEMESTER 6 D-IV TRPL/New folder/UTS-RPL-APPL-11423006/vendor/symfony/console/Application.php(1117): Illuminate/Console/Command->run(Object(Symfony/Component/Console/Input/ArgvInput), Object(Symfony/Component/Console/Output/ConsoleOutput))
#12 D:/SEMESTER 6 D-IV TRPL/New folder/UTS-RPL-APPL-11423006/vendor/symfony/console/Application.php(356): Symfony/Component/Console/Application->doRunCommand(Object(Illuminate/Foundation/Console/ServeCommand), Object(Symfony/Component/Console/Input/ArgvInput), Object(Symfony/Component/Console/Output/ConsoleOutput))
#13 D:/SEMESTER 6 D-IV TRPL/New folder/UTS-RPL-APPL-11423006/vendor/symfony/console/Application.php(195): Symfony/Component/Console/Application->doRun(Object(Symfony/Component/Console/Input/ArgvInput), Object(Symfony/Component/Console/Output/ConsoleOutput))
#14 D:/SEMESTER 6 D-IV TRPL/New folder/UTS-RPL-APPL-11423006/vendor/laravel/framework/src/Illuminate/Foundation/Console/Kernel.php(198): Symfony/Component/Console/Application->run(Object(Symfony/Component/Console/Input/ArgvInput), Object(Symfony/Component/Console/Output/ConsoleOutput))
#15 D:/SEMESTER 6 D-IV TRPL/New folder/UTS-RPL-APPL-11423006/vendor/laravel/framework/src/Illuminate/Foundation/Application.php(1235): Illuminate/Foundation/Console/Kernel->handle(Object(Symfony/Component/Console/Input/ArgvInput), Object(Symfony/Component/Console/Output/ConsoleOutput))
#16 D:/SEMESTER 6 D-IV TRPL/New folder/UTS-RPL-APPL-11423006/artisan(16): Illuminate/Foundation/Application->handleCommand(Object(Symfony/Component/Console/Input/ArgvInput))
#17 {main}
"} 
[2026-04-18 05:47:22] production.ERROR: file_get_contents(D:\SEMESTER 6 D-IV TRPL\New folder\UTS-RPL-APPL-11423006\.env): Failed to open stream: No such file or directory {"exception":"[object] (ErrorException(code: 0): file_get_contents(D:\\SEMESTER 6 D-IV TRPL\\New folder\\UTS-RPL-APPL-11423006\\.env): Failed to open stream: No such file or directory at D:/SEMESTER 6 D-IV TRPL/New folder/UTS-RPL-APPL-11423006/vendor/laravel/framework/src/Illuminate/Foundation/Console/KeyGenerateCommand.php:100)
[stacktrace]
#0 D:/SEMESTER 6 D-IV TRPL/New folder/UTS-RPL-APPL-11423006/vendor/laravel/framework/src/Illuminate/Foundation/Bootstrap/HandleExceptions.php(258): Illuminate/Foundation/Bootstrap/HandleExceptions->handleError(2, 'file_get_conten...', 'D://SEMESTER 6 D...', 100)
#1 [internal function]: Illuminate/Foundation/Bootstrap/HandleExceptions->Illuminate/Foundation/Bootstrap/{closure}(2, 'file_get_conten...', 'D://SEMESTER 6 D...', 100)
#2 D:/SEMESTER 6 D-IV TRPL/New folder/UTS-RPL-APPL-11423006/vendor/laravel/framework/src/Illuminate/Foundation/Console/KeyGenerateCommand.php(100): file_get_contents('D://SEMESTER 6 D...')
#3 D:/SEMESTER 6 D-IV TRPL/New folder/UTS-RPL-APPL-11423006/vendor/laravel/framework/src/Illuminate/Foundation/Console/KeyGenerateCommand.php(82): Illuminate/Foundation/Console/KeyGenerateCommand->writeNewEnvironmentFileWith('base64:phFZNTnl...')
#4 D:/SEMESTER 6 D-IV TRPL/New folder/UTS-RPL-APPL-11423006/vendor/laravel/framework/src/Illuminate/Foundation/Console/KeyGenerateCommand.php(47): Illuminate/Foundation/Console/KeyGenerateCommand->setKeyInEnvironmentFile('base64:phFZNTnl...')
#5 D:/SEMESTER 6 D-IV TRPL/New folder/UTS-RPL-APPL-11423006/vendor/laravel/framework/src/Illuminate/Container/BoundMethod.php(36): Illuminate/Foundation/Console/KeyGenerateCommand->handle()
#6 D:/SEMESTER 6 D-IV TRPL/New folder/UTS-RPL-APPL-11423006/vendor/laravel/framework/src/Illuminate/Container/Util.php(43): Illuminate/Container/BoundMethod::Illuminate/Container/{closure}()
#7 D:/SEMESTER 6 D-IV TRPL/New folder/UTS-RPL-APPL-11423006/vendor/laravel/framework/src/Illuminate/Container/BoundMethod.php(96): Illuminate/Container/Util::unwrapIfClosure(Object(Closure))
#8 D:/SEMESTER 6 D-IV TRPL/New folder/UTS-RPL-APPL-11423006/vendor/laravel/framework/src/Illuminate/Container/BoundMethod.php(35): Illuminate/Container/BoundMethod::callBoundMethod(Object(Illuminate/Foundation/Application), Array, Object(Closure))
#9 D:/SEMESTER 6 D-IV TRPL/New folder/UTS-RPL-APPL-11423006/vendor/laravel/framework/src/Illuminate/Container/Container.php(799): Illuminate/Container/BoundMethod::call(Object(Illuminate/Foundation/Application), Array, Array, NULL)
#10 D:/SEMESTER 6 D-IV TRPL/New folder/UTS-RPL-APPL-11423006/vendor/laravel/framework/src/Illuminate/Console/Command.php(211): Illuminate/Container/Container->call(Array)
#11 D:/SEMESTER 6 D-IV TRPL/New folder/UTS-RPL-APPL-11423006/vendor/symfony/console/Command/Command.php(341): Illuminate/Console/Command->execute(Object(Symfony/Component/Console/Input/ArgvInput), Object(Illuminate/Console/OutputStyle))
#12 D:/SEMESTER 6 D-IV TRPL/New folder/UTS-RPL-APPL-11423006/vendor/laravel/framework/src/Illuminate/Console/Command.php(180): Symfony/Component/Console/Command/Command->run(Object(Symfony/Component/Console/Input/ArgvInput), Object(Illuminate/Console/OutputStyle))
#13 D:/SEMESTER 6 D-IV TRPL/New folder/UTS-RPL-APPL-11423006/vendor/symfony/console/Application.php(1117): Illuminate/Console/Command->run(Object(Symfony/Component/Console/Input/ArgvInput), Object(Symfony/Component/Console/Output/ConsoleOutput))
#14 D:/SEMESTER 6 D-IV TRPL/New folder/UTS-RPL-APPL-11423006/vendor/symfony/console/Application.php(356): Symfony/Component/Console/Application->doRunCommand(Object(Illuminate/Foundation/Console/KeyGenerateCommand), Object(Symfony/Component/Console/Input/ArgvInput), Object(Symfony/Component/Console/Output/ConsoleOutput))
#15 D:/SEMESTER 6 D-IV TRPL/New folder/UTS-RPL-APPL-11423006/vendor/symfony/console/Application.php(195): Symfony/Component/Console/Application->doRun(Object(Symfony/Component/Console/Input/ArgvInput), Object(Symfony/Component/Console/Output/ConsoleOutput))
#16 D:/SEMESTER 6 D-IV TRPL/New folder/UTS-RPL-APPL-11423006/vendor/laravel/framework/src/Illuminate/Foundation/Console/Kernel.php(198): Symfony/Component/Console/Application->run(Object(Symfony/Component/Console/Input/ArgvInput), Object(Symfony/Component/Console/Output/ConsoleOutput))
#17 D:/SEMESTER 6 D-IV TRPL/New folder/UTS-RPL-APPL-11423006/vendor/laravel/framework/src/Illuminate/Foundation/Application.php(1235): Illuminate/Foundation/Console/Kernel->handle(Object(Symfony/Component/Console/Input/ArgvInput), Object(Symfony/Component/Console/Output/ConsoleOutput))
#18 D:/SEMESTER 6 D-IV TRPL/New folder/UTS-RPL-APPL-11423006/artisan(16): Illuminate/Foundation/Application->handleCommand(Object(Symfony/Component/Console/Input/ArgvInput))
#19 {main}
"} 
[2026-04-18 06:05:31] local.ERROR: Class "Illuminate\Support\Validation\Rules\Password" not found {"exception":"[object] (Error(code: 0): Class \"Illuminate\\Support\\Validation\\Rules\\Password\" not found at D:/SEMESTER 6 D-IV TRPL/New folder/UTS-RPL-APPL-11423006/app/Http/Controllers/AuthController.php:44)
[stacktrace]
#0 D:/SEMESTER 6 D-IV TRPL/New folder/UTS-RPL-APPL-11423006/vendor/laravel/framework/src/Illuminate/Routing/ControllerDispatcher.php(46): App/Http/Controllers/AuthController->register(Object(Illuminate/Http/Request))
#1 D:/SEMESTER 6 D-IV TRPL/New folder/UTS-RPL-APPL-11423006/vendor/laravel/framework/src/Illuminate/Routing/Route.php(265): Illuminate/Routing/ControllerDispatcher->dispatch(Object(Illuminate/Routing/Route), Object(App/Http/Controllers/AuthController), 'register')
#2 D:/SEMESTER 6 D-IV TRPL/New folder/UTS-RPL-APPL-11423006/vendor/laravel/framework/src/Illuminate/Routing/Route.php(211): Illuminate/Routing/Route->runController()
#3 D:/SEMESTER 6 D-IV TRPL/New folder/UTS-RPL-APPL-11423006/vendor/laravel/framework/src/Illuminate/Routing/Router.php(822): Illuminate/Routing/Route->run()
#4 D:/SEMESTER 6 D-IV TRPL/New folder/UTS-RPL-APPL-11423006/vendor/laravel/framework/src/Illuminate/Pipeline/Pipeline.php(180): Illuminate/Routing/Router->Illuminate/Routing/{closure}(Object(Illuminate/Http/Request))
#5 D:/SEMESTER 6 D-IV TRPL/New folder/UTS-RPL-APPL-11423006/vendor/laravel/framework/src/Illuminate/Auth/Middleware/RedirectIfAuthenticated.php(47): Illuminate/Pipeline/Pipeline->Illuminate/Pipeline/{closure}(Object(Illuminate/Http/Request))
#6 D:/SEMESTER 6 D-IV TRPL/New folder/UTS-RPL-APPL-11423006/vendor/laravel/framework/src/Illuminate/Pipeline/Pipeline.php(219): Illuminate/Auth/Middleware/RedirectIfAuthenticated->handle(Object(Illuminate/Http/Request), Object(Closure))
#7 D:/SEMESTER 6 D-IV TRPL/New folder/UTS-RPL-APPL-11423006/vendor/laravel/framework/src/Illuminate/Routing/Middleware/SubstituteBindings.php(50): Illuminate/Pipeline/Pipeline->Illuminate/Pipeline/{closure}(Object(Illuminate/Http/Request))
#8 D:/SEMESTER 6 D-IV TRPL/New folder/UTS-RPL-APPL-11423006/vendor/laravel/framework/src/Illuminate/Pipeline/Pipeline.php(219): Illuminate/Routing/Middleware/SubstituteBindings->handle(Object(Illuminate/Http/Request), Object(Closure))
#9 D:/SEMESTER 6 D-IV TRPL/New folder/UTS-RPL-APPL-11423006/vendor/laravel/framework/src/Illuminate/Foundation/Http/Middleware/VerifyCsrfToken.php(87): Illuminate/Pipeline/Pipeline->Illuminate/Pipeline/{closure}(Object(Illuminate/Http/Request))
#10 D:/SEMESTER 6 D-IV TRPL/New folder/UTS-RPL-APPL-11423006/vendor/laravel/framework/src/Illuminate/Pipeline/Pipeline.php(219): Illuminate/Foundation/Http/Middleware/VerifyCsrfToken->handle(Object(Illuminate/Http/Request), Object(Closure))
#11 D:/SEMESTER 6 D-IV TRPL/New folder/UTS-RPL-APPL-11423006/vendor/laravel/framework/src/Illuminate/View/Middleware/ShareErrorsFromSession.php(48): Illuminate/Pipeline/Pipeline->Illuminate/Pipeline/{closure}(Object(Illuminate/Http/Request))
#12 D:/SEMESTER 6 D-IV TRPL/New folder/UTS-RPL-APPL-11423006/vendor/laravel/framework/src/Illuminate/Pipeline/Pipeline.php(219): Illuminate/View/Middleware/ShareErrorsFromSession->handle(Object(Illuminate/Http/Request), Object(Closure))
#13 D:/SEMESTER 6 D-IV TRPL/New folder/UTS-RPL-APPL-11423006/vendor/laravel/framework/src/Illuminate/Session/Middleware/StartSession.php(120): Illuminate/Pipeline/Pipeline->Illuminate/Pipeline/{closure}(Object(Illuminate/Http/Request))
#14 D:/SEMESTER 6 D-IV TRPL/New folder/UTS-RPL-APPL-11423006/vendor/laravel/framework/src/Illuminate/Session/Middleware/StartSession.php(63): Illuminate/Session/Middleware/StartSession->handleStatefulRequest(Object(Illuminate/Http/Request), Object(Illuminate/Session/Store), Object(Closure))
#15 D:/SEMESTER 6 D-IV TRPL/New folder/UTS-RPL-APPL-11423006/vendor/laravel/framework/src/Illuminate/Pipeline/Pipeline.php(219): Illuminate/Session/Middleware/StartSession->handle(Object(Illuminate/Http/Request), Object(Closure))
#16 D:/SEMESTER 6 D-IV TRPL/New folder/UTS-RPL-APPL-11423006/vendor/laravel/framework/src/Illuminate/Cookie/Middleware/AddQueuedCookiesToResponse.php(36): Illuminate/Pipeline/Pipeline->Illuminate/Pipeline/{closure}(Object(Illuminate/Http/Request))
#17 D:/SEMESTER 6 D-IV TRPL/New folder/UTS-RPL-APPL-11423006/vendor/laravel/framework/src/Illuminate/Pipeline/Pipeline.php(219): Illuminate/Cookie/Middleware/AddQueuedCookiesToResponse->handle(Object(Illuminate/Http/Request), Object(Closure))
#18 D:/SEMESTER 6 D-IV TRPL/New folder/UTS-RPL-APPL-11423006/vendor/laravel/framework/src/Illuminate/Cookie/Middleware/EncryptCookies.php(74): Illuminate/Pipeline/Pipeline->Illuminate/Pipeline/{closure}(Object(Illuminate/Http/Request))
#19 D:/SEMESTER 6 D-IV TRPL/New folder/UTS-RPL-APPL-11423006/vendor/laravel/framework/src/Illuminate/Pipeline/Pipeline.php(219): Illuminate/Cookie/Middleware/EncryptCookies->handle(Object(Illuminate/Http/Request), Object(Closure))
#20 D:/SEMESTER 6 D-IV TRPL/New folder/UTS-RPL-APPL-11423006/vendor/laravel/framework/src/Illuminate/Pipeline/Pipeline.php(137): Illuminate/Pipeline/Pipeline->Illuminate/Pipeline/{closure}(Object(Illuminate/Http/Request))
#21 D:/SEMESTER 6 D-IV TRPL/New folder/UTS-RPL-APPL-11423006/vendor/laravel/framework/src/Illuminate/Routing/Router.php(821): Illuminate/Pipeline/Pipeline->then(Object(Closure))
#22 D:/SEMESTER 6 D-IV TRPL/New folder/UTS-RPL-APPL-11423006/vendor/laravel/framework/src/Illuminate/Routing/Router.php(800): Illuminate/Routing/Router->runRouteWithinStack(Object(Illuminate/Routing/Route), Object(Illuminate/Http/Request))
#23 D:/SEMESTER 6 D-IV TRPL/New folder/UTS-RPL-APPL-11423006/vendor/laravel/framework/src/Illuminate/Routing/Router.php(764): Illuminate/Routing/Router->runRoute(Object(Illuminate/Http/Request), Object(Illuminate/Routing/Route))
#24 D:/SEMESTER 6 D-IV TRPL/New folder/UTS-RPL-APPL-11423006/vendor/laravel/framework/src/Illuminate/Routing/Router.php(753): Illuminate/Routing/Router->dispatchToRoute(Object(Illuminate/Http/Request))
#25 D:/SEMESTER 6 D-IV TRPL/New folder/UTS-RPL-APPL-11423006/vendor/laravel/framework/src/Illuminate/Foundation/Http/Kernel.php(200): Illuminate/Routing/Router->dispatch(Object(Illuminate/Http/Request))
#26 D:/SEMESTER 6 D-IV TRPL/New folder/UTS-RPL-APPL-11423006/vendor/laravel/framework/src/Illuminate/Pipeline/Pipeline.php(180): Illuminate/Foundation/Http/Kernel->Illuminate/Foundation/Http/{closure}(Object(Illuminate/Http/Request))
#27 D:/SEMESTER 6 D-IV TRPL/New folder/UTS-RPL-APPL-11423006/vendor/laravel/framework/src/Illuminate/Foundation/Http/Middleware/TransformsRequest.php(21): Illuminate/Pipeline/Pipeline->Illuminate/Pipeline/{closure}(Object(Illuminate/Http/Request))
#28 D:/SEMESTER 6 D-IV TRPL/New folder/UTS-RPL-APPL-11423006/vendor/laravel/framework/src/Illuminate/Foundation/Http/Middleware/ConvertEmptyStringsToNull.php(31): Illuminate/Foundation/Http/Middleware/TransformsRequest->handle(Object(Illuminate/Http/Request), Object(Closure))
#29 D:/SEMESTER 6 D-IV TRPL/New folder/UTS-RPL-APPL-11423006/vendor/laravel/framework/src/Illuminate/Pipeline/Pipeline.php(219): Illuminate/Foundation/Http/Middleware/ConvertEmptyStringsToNull->handle(Object(Illuminate/Http/Request), Object(Closure))
#30 D:/SEMESTER 6 D-IV TRPL/New folder/UTS-RPL-APPL-11423006/vendor/laravel/framework/src/Illuminate/Foundation/Http/Middleware/TransformsRequest.php(21): Illuminate/Pipeline/Pipeline->Illuminate/Pipeline/{closure}(Object(Illuminate/Http/Request))
#31 D:/SEMESTER 6 D-IV TRPL/New folder/UTS-RPL-APPL-11423006/vendor/laravel/framework/src/Illuminate/Foundation/Http/Middleware/TrimStrings.php(51): Illuminate/Foundation/Http/Middleware/TransformsRequest->handle(Object(Illuminate/Http/Request), Object(Closure))
#32 D:/SEMESTER 6 D-IV TRPL/New folder/UTS-RPL-APPL-11423006/vendor/laravel/framework/src/Illuminate/Pipeline/Pipeline.php(219): Illuminate/Foundation/Http/Middleware/TrimStrings->handle(Object(Illuminate/Http/Request), Object(Closure))
#33 D:/SEMESTER 6 D-IV TRPL/New folder/UTS-RPL-APPL-11423006/vendor/laravel/framework/src/Illuminate/Http/Middleware/ValidatePostSize.php(27): Illuminate/Pipeline/Pipeline->Illuminate/Pipeline/{closure}(Object(Illuminate/Http/Request))
#34 D:/SEMESTER 6 D-IV TRPL/New folder/UTS-RPL-APPL-11423006/vendor/laravel/framework/src/Illuminate/Pipeline/Pipeline.php(219): Illuminate/Http/Middleware/ValidatePostSize->handle(Object(Illuminate/Http/Request), Object(Closure))
#35 D:/SEMESTER 6 D-IV TRPL/New folder/UTS-RPL-APPL-11423006/vendor/laravel/framework/src/Illuminate/Foundation/Http/Middleware/PreventRequestsDuringMaintenance.php(109): Illuminate/Pipeline/Pipeline->Illuminate/Pipeline/{closure}(Object(Illuminate/Http/Request))
#36 D:/SEMESTER 6 D-IV TRPL/New folder/UTS-RPL-APPL-11423006/vendor/laravel/framework/src/Illuminate/Pipeline/Pipeline.php(219): Illuminate/Foundation/Http/Middleware/PreventRequestsDuringMaintenance->handle(Object(Illuminate/Http/Request), Object(Closure))
#37 D:/SEMESTER 6 D-IV TRPL/New folder/UTS-RPL-APPL-11423006/vendor/laravel/framework/src/Illuminate/Http/Middleware/HandleCors.php(61): Illuminate/Pipeline/Pipeline->Illuminate/Pipeline/{closure}(Object(Illuminate/Http/Request))
#38 D:/SEMESTER 6 D-IV TRPL/New folder/UTS-RPL-APPL-11423006/vendor/laravel/framework/src/Illuminate/Pipeline/Pipeline.php(219): Illuminate/Http/Middleware/HandleCors->handle(Object(Illuminate/Http/Request), Object(Closure))
#39 D:/SEMESTER 6 D-IV TRPL/New folder/UTS-RPL-APPL-11423006/vendor/laravel/framework/src/Illuminate/Http/Middleware/TrustProxies.php(58): Illuminate/Pipeline/Pipeline->Illuminate/Pipeline/{closure}(Object(Illuminate/Http/Request))
#40 D:/SEMESTER 6 D-IV TRPL/New folder/UTS-RPL-APPL-11423006/vendor/laravel/framework/src/Illuminate/Pipeline/Pipeline.php(219): Illuminate/Http/Middleware/TrustProxies->handle(Object(Illuminate/Http/Request), Object(Closure))
#41 D:/SEMESTER 6 D-IV TRPL/New folder/UTS-RPL-APPL-11423006/vendor/laravel/framework/src/Illuminate/Foundation/Http/Middleware/InvokeDeferredCallbacks.php(22): Illuminate/Pipeline/Pipeline->Illuminate/Pipeline/{closure}(Object(Illuminate/Http/Request))
#42 D:/SEMESTER 6 D-IV TRPL/New folder/UTS-RPL-APPL-11423006/vendor/laravel/framework/src/Illuminate/Pipeline/Pipeline.php(219): Illuminate/Foundation/Http/Middleware/InvokeDeferredCallbacks->handle(Object(Illuminate/Http/Request), Object(Closure))
#43 D:/SEMESTER 6 D-IV TRPL/New folder/UTS-RPL-APPL-11423006/vendor/laravel/framework/src/Illuminate/Http/Middleware/ValidatePathEncoding.php(26): Illuminate/Pipeline/Pipeline->Illuminate/Pipeline/{closure}(Object(Illuminate/Http/Request))
#44 D:/SEMESTER 6 D-IV TRPL/New folder/UTS-RPL-APPL-11423006/vendor/laravel/framework/src/Illuminate/Pipeline/Pipeline.php(219): Illuminate/Http/Middleware/ValidatePathEncoding->handle(Object(Illuminate/Http/Request), Object(Closure))
#45 D:/SEMESTER 6 D-IV TRPL/New folder/UTS-RPL-APPL-11423006/vendor/laravel/framework/src/Illuminate/Pipeline/Pipeline.php(137): Illuminate/Pipeline/Pipeline->Illuminate/Pipeline/{closure}(Object(Illuminate/Http/Request))
#46 D:/SEMESTER 6 D-IV TRPL/New folder/UTS-RPL-APPL-11423006/vendor/laravel/framework/src/Illuminate/Foundation/Http/Kernel.php(175): Illuminate/Pipeline/Pipeline->then(Object(Closure))
#47 D:/SEMESTER 6 D-IV TRPL/New folder/UTS-RPL-APPL-11423006/vendor/laravel/framework/src/Illuminate/Foundation/Http/Kernel.php(144): Illuminate/Foundation/Http/Kernel->sendRequestThroughRouter(Object(Illuminate/Http/Request))
#48 D:/SEMESTER 6 D-IV TRPL/New folder/UTS-RPL-APPL-11423006/vendor/laravel/framework/src/Illuminate/Foundation/Application.php(1220): Illuminate/Foundation/Http/Kernel->handle(Object(Illuminate/Http/Request))
#49 D:/SEMESTER 6 D-IV TRPL/New folder/UTS-RPL-APPL-11423006/public/index.php(20): Illuminate/Foundation/Application->handleRequest(Object(Illuminate/Http/Request))
#50 D:/SEMESTER 6 D-IV TRPL/New folder/UTS-RPL-APPL-11423006/vendor/laravel/framework/src/Illuminate/Foundation/resources/server.php(23): require_once('D://SEMESTER 6 D...')
#51 {main}
"} 
[2026-04-18 06:06:11] local.ERROR: Class "Illuminate\Support\Validation\Rules\Password" not found {"exception":"[object] (Error(code: 0): Class \"Illuminate\\Support\\Validation\\Rules\\Password\" not found at D:/SEMESTER 6 D-IV TRPL/New folder/UTS-RPL-APPL-11423006/app/Http/Controllers/AuthController.php:44)
[stacktrace]
#0 D:/SEMESTER 6 D-IV TRPL/New folder/UTS-RPL-APPL-11423006/vendor/laravel/framework/src/Illuminate/Routing/ControllerDispatcher.php(46): App/Http/Controllers/AuthController->register(Object(Illuminate/Http/Request))
#1 D:/SEMESTER 6 D-IV TRPL/New folder/UTS-RPL-APPL-11423006/vendor/laravel/framework/src/Illuminate/Routing/Route.php(265): Illuminate/Routing/ControllerDispatcher->dispatch(Object(Illuminate/Routing/Route), Object(App/Http/Controllers/AuthController), 'register')
#2 D:/SEMESTER 6 D-IV TRPL/New folder/UTS-RPL-APPL-11423006/vendor/laravel/framework/src/Illuminate/Routing/Route.php(211): Illuminate/Routing/Route->runController()
#3 D:/SEMESTER 6 D-IV TRPL/New folder/UTS-RPL-APPL-11423006/vendor/laravel/framework/src/Illuminate/Routing/Router.php(822): Illuminate/Routing/Route->run()
#4 D:/SEMESTER 6 D-IV TRPL/New folder/UTS-RPL-APPL-11423006/vendor/laravel/framework/src/Illuminate/Pipeline/Pipeline.php(180): Illuminate/Routing/Router->Illuminate/Routing/{closure}(Object(Illuminate/Http/Request))
#5 D:/SEMESTER 6 D-IV TRPL/New folder/UTS-RPL-APPL-11423006/vendor/laravel/framework/src/Illuminate/Auth/Middleware/RedirectIfAuthenticated.php(47): Illuminate/Pipeline/Pipeline->Illuminate/Pipeline/{closure}(Object(Illuminate/Http/Request))
#6 D:/SEMESTER 6 D-IV TRPL/New folder/UTS-RPL-APPL-11423006/vendor/laravel/framework/src/Illuminate/Pipeline/Pipeline.php(219): Illuminate/Auth/Middleware/RedirectIfAuthenticated->handle(Object(Illuminate/Http/Request), Object(Closure))
#7 D:/SEMESTER 6 D-IV TRPL/New folder/UTS-RPL-APPL-11423006/vendor/laravel/framework/src/Illuminate/Routing/Middleware/SubstituteBindings.php(50): Illuminate/Pipeline/Pipeline->Illuminate/Pipeline/{closure}(Object(Illuminate/Http/Request))
#8 D:/SEMESTER 6 D-IV TRPL/New folder/UTS-RPL-APPL-11423006/vendor/laravel/framework/src/Illuminate/Pipeline/Pipeline.php(219): Illuminate/Routing/Middleware/SubstituteBindings->handle(Object(Illuminate/Http/Request), Object(Closure))
#9 D:/SEMESTER 6 D-IV TRPL/New folder/UTS-RPL-APPL-11423006/vendor/laravel/framework/src/Illuminate/Foundation/Http/Middleware/VerifyCsrfToken.php(87): Illuminate/Pipeline/Pipeline->Illuminate/Pipeline/{closure}(Object(Illuminate/Http/Request))
#10 D:/SEMESTER 6 D-IV TRPL/New folder/UTS-RPL-APPL-11423006/vendor/laravel/framework/src/Illuminate/Pipeline/Pipeline.php(219): Illuminate/Foundation/Http/Middleware/VerifyCsrfToken->handle(Object(Illuminate/Http/Request), Object(Closure))
#11 D:/SEMESTER 6 D-IV TRPL/New folder/UTS-RPL-APPL-11423006/vendor/laravel/framework/src/Illuminate/View/Middleware/ShareErrorsFromSession.php(48): Illuminate/Pipeline/Pipeline->Illuminate/Pipeline/{closure}(Object(Illuminate/Http/Request))
#12 D:/SEMESTER 6 D-IV TRPL/New folder/UTS-RPL-APPL-11423006/vendor/laravel/framework/src/Illuminate/Pipeline/Pipeline.php(219): Illuminate/View/Middleware/ShareErrorsFromSession->handle(Object(Illuminate/Http/Request), Object(Closure))
#13 D:/SEMESTER 6 D-IV TRPL/New folder/UTS-RPL-APPL-11423006/vendor/laravel/framework/src/Illuminate/Session/Middleware/StartSession.php(120): Illuminate/Pipeline/Pipeline->Illuminate/Pipeline/{closure}(Object(Illuminate/Http/Request))
#14 D:/SEMESTER 6 D-IV TRPL/New folder/UTS-RPL-APPL-11423006/vendor/laravel/framework/src/Illuminate/Session/Middleware/StartSession.php(63): Illuminate/Session/Middleware/StartSession->handleStatefulRequest(Object(Illuminate/Http/Request), Object(Illuminate/Session/Store), Object(Closure))
#15 D:/SEMESTER 6 D-IV TRPL/New folder/UTS-RPL-APPL-11423006/vendor/laravel/framework/src/Illuminate/Pipeline/Pipeline.php(219): Illuminate/Session/Middleware/StartSession->handle(Object(Illuminate/Http/Request), Object(Closure))
#16 D:/SEMESTER 6 D-IV TRPL/New folder/UTS-RPL-APPL-11423006/vendor/laravel/framework/src/Illuminate/Cookie/Middleware/AddQueuedCookiesToResponse.php(36): Illuminate/Pipeline/Pipeline->Illuminate/Pipeline/{closure}(Object(Illuminate/Http/Request))
#17 D:/SEMESTER 6 D-IV TRPL/New folder/UTS-RPL-APPL-11423006/vendor/laravel/framework/src/Illuminate/Pipeline/Pipeline.php(219): Illuminate/Cookie/Middleware/AddQueuedCookiesToResponse->handle(Object(Illuminate/Http/Request), Object(Closure))
#18 D:/SEMESTER 6 D-IV TRPL/New folder/UTS-RPL-APPL-11423006/vendor/laravel/framework/src/Illuminate/Cookie/Middleware/EncryptCookies.php(74): Illuminate/Pipeline/Pipeline->Illuminate/Pipeline/{closure}(Object(Illuminate/Http/Request))
#19 D:/SEMESTER 6 D-IV TRPL/New folder/UTS-RPL-APPL-11423006/vendor/laravel/framework/src/Illuminate/Pipeline/Pipeline.php(219): Illuminate/Cookie/Middleware/EncryptCookies->handle(Object(Illuminate/Http/Request), Object(Closure))
#20 D:/SEMESTER 6 D-IV TRPL/New folder/UTS-RPL-APPL-11423006/vendor/laravel/framework/src/Illuminate/Pipeline/Pipeline.php(137): Illuminate/Pipeline/Pipeline->Illuminate/Pipeline/{closure}(Object(Illuminate/Http/Request))
#21 D:/SEMESTER 6 D-IV TRPL/New folder/UTS-RPL-APPL-11423006/vendor/laravel/framework/src/Illuminate/Routing/Router.php(821): Illuminate/Pipeline/Pipeline->then(Object(Closure))
#22 D:/SEMESTER 6 D-IV TRPL/New folder/UTS-RPL-APPL-11423006/vendor/laravel/framework/src/Illuminate/Routing/Router.php(800): Illuminate/Routing/Router->runRouteWithinStack(Object(Illuminate/Routing/Route), Object(Illuminate/Http/Request))
#23 D:/SEMESTER 6 D-IV TRPL/New folder/UTS-RPL-APPL-11423006/vendor/laravel/framework/src/Illuminate/Routing/Router.php(764): Illuminate/Routing/Router->runRoute(Object(Illuminate/Http/Request), Object(Illuminate/Routing/Route))
#24 D:/SEMESTER 6 D-IV TRPL/New folder/UTS-RPL-APPL-11423006/vendor/laravel/framework/src/Illuminate/Routing/Router.php(753): Illuminate/Routing/Router->dispatchToRoute(Object(Illuminate/Http/Request))
#25 D:/SEMESTER 6 D-IV TRPL/New folder/UTS-RPL-APPL-11423006/vendor/laravel/framework/src/Illuminate/Foundation/Http/Kernel.php(200): Illuminate/Routing/Router->dispatch(Object(Illuminate/Http/Request))
#26 D:/SEMESTER 6 D-IV TRPL/New folder/UTS-RPL-APPL-11423006/vendor/laravel/framework/src/Illuminate/Pipeline/Pipeline.php(180): Illuminate/Foundation/Http/Kernel->Illuminate/Foundation/Http/{closure}(Object(Illuminate/Http/Request))
#27 D:/SEMESTER 6 D-IV TRPL/New folder/UTS-RPL-APPL-11423006/vendor/laravel/framework/src/Illuminate/Foundation/Http/Middleware/TransformsRequest.php(21): Illuminate/Pipeline/Pipeline->Illuminate/Pipeline/{closure}(Object(Illuminate/Http/Request))
#28 D:/SEMESTER 6 D-IV TRPL/New folder/UTS-RPL-APPL-11423006/vendor/laravel/framework/src/Illuminate/Foundation/Http/Middleware/ConvertEmptyStringsToNull.php(31): Illuminate/Foundation/Http/Middleware/TransformsRequest->handle(Object(Illuminate/Http/Request), Object(Closure))
#29 D:/SEMESTER 6 D-IV TRPL/New folder/UTS-RPL-APPL-11423006/vendor/laravel/framework/src/Illuminate/Pipeline/Pipeline.php(219): Illuminate/Foundation/Http/Middleware/ConvertEmptyStringsToNull->handle(Object(Illuminate/Http/Request), Object(Closure))
#30 D:/SEMESTER 6 D-IV TRPL/New folder/UTS-RPL-APPL-11423006/vendor/laravel/framework/src/Illuminate/Foundation/Http/Middleware/TransformsRequest.php(21): Illuminate/Pipeline/Pipeline->Illuminate/Pipeline/{closure}(Object(Illuminate/Http/Request))
#31 D:/SEMESTER 6 D-IV TRPL/New folder/UTS-RPL-APPL-11423006/vendor/laravel/framework/src/Illuminate/Foundation/Http/Middleware/TrimStrings.php(51): Illuminate/Foundation/Http/Middleware/TransformsRequest->handle(Object(Illuminate/Http/Request), Object(Closure))
#32 D:/SEMESTER 6 D-IV TRPL/New folder/UTS-RPL-APPL-11423006/vendor/laravel/framework/src/Illuminate/Pipeline/Pipeline.php(219): Illuminate/Foundation/Http/Middleware/TrimStrings->handle(Object(Illuminate/Http/Request), Object(Closure))
#33 D:/SEMESTER 6 D-IV TRPL/New folder/UTS-RPL-APPL-11423006/vendor/laravel/framework/src/Illuminate/Http/Middleware/ValidatePostSize.php(27): Illuminate/Pipeline/Pipeline->Illuminate/Pipeline/{closure}(Object(Illuminate/Http/Request))
#34 D:/SEMESTER 6 D-IV TRPL/New folder/UTS-RPL-APPL-11423006/vendor/laravel/framework/src/Illuminate/Pipeline/Pipeline.php(219): Illuminate/Http/Middleware/ValidatePostSize->handle(Object(Illuminate/Http/Request), Object(Closure))
#35 D:/SEMESTER 6 D-IV TRPL/New folder/UTS-RPL-APPL-11423006/vendor/laravel/framework/src/Illuminate/Foundation/Http/Middleware/PreventRequestsDuringMaintenance.php(109): Illuminate/Pipeline/Pipeline->Illuminate/Pipeline/{closure}(Object(Illuminate/Http/Request))
#36 D:/SEMESTER 6 D-IV TRPL/New folder/UTS-RPL-APPL-11423006/vendor/laravel/framework/src/Illuminate/Pipeline/Pipeline.php(219): Illuminate/Foundation/Http/Middleware/PreventRequestsDuringMaintenance->handle(Object(Illuminate/Http/Request), Object(Closure))
#37 D:/SEMESTER 6 D-IV TRPL/New folder/UTS-RPL-APPL-11423006/vendor/laravel/framework/src/Illuminate/Http/Middleware/HandleCors.php(61): Illuminate/Pipeline/Pipeline->Illuminate/Pipeline/{closure}(Object(Illuminate/Http/Request))
#38 D:/SEMESTER 6 D-IV TRPL/New folder/UTS-RPL-APPL-11423006/vendor/laravel/framework/src/Illuminate/Pipeline/Pipeline.php(219): Illuminate/Http/Middleware/HandleCors->handle(Object(Illuminate/Http/Request), Object(Closure))
#39 D:/SEMESTER 6 D-IV TRPL/New folder/UTS-RPL-APPL-11423006/vendor/laravel/framework/src/Illuminate/Http/Middleware/TrustProxies.php(58): Illuminate/Pipeline/Pipeline->Illuminate/Pipeline/{closure}(Object(Illuminate/Http/Request))
#40 D:/SEMESTER 6 D-IV TRPL/New folder/UTS-RPL-APPL-11423006/vendor/laravel/framework/src/Illuminate/Pipeline/Pipeline.php(219): Illuminate/Http/Middleware/TrustProxies->handle(Object(Illuminate/Http/Request), Object(Closure))
#41 D:/SEMESTER 6 D-IV TRPL/New folder/UTS-RPL-APPL-11423006/vendor/laravel/framework/src/Illuminate/Foundation/Http/Middleware/InvokeDeferredCallbacks.php(22): Illuminate/Pipeline/Pipeline->Illuminate/Pipeline/{closure}(Object(Illuminate/Http/Request))
#42 D:/SEMESTER 6 D-IV TRPL/New folder/UTS-RPL-APPL-11423006/vendor/laravel/framework/src/Illuminate/Pipeline/Pipeline.php(219): Illuminate/Foundation/Http/Middleware/InvokeDeferredCallbacks->handle(Object(Illuminate/Http/Request), Object(Closure))
#43 D:/SEMESTER 6 D-IV TRPL/New folder/UTS-RPL-APPL-11423006/vendor/laravel/framework/src/Illuminate/Http/Middleware/ValidatePathEncoding.php(26): Illuminate/Pipeline/Pipeline->Illuminate/Pipeline/{closure}(Object(Illuminate/Http/Request))
#44 D:/SEMESTER 6 D-IV TRPL/New folder/UTS-RPL-APPL-11423006/vendor/laravel/framework/src/Illuminate/Pipeline/Pipeline.php(219): Illuminate/Http/Middleware/ValidatePathEncoding->handle(Object(Illuminate/Http/Request), Object(Closure))
#45 D:/SEMESTER 6 D-IV TRPL/New folder/UTS-RPL-APPL-11423006/vendor/laravel/framework/src/Illuminate/Pipeline/Pipeline.php(137): Illuminate/Pipeline/Pipeline->Illuminate/Pipeline/{closure}(Object(Illuminate/Http/Request))
#46 D:/SEMESTER 6 D-IV TRPL/New folder/UTS-RPL-APPL-11423006/vendor/laravel/framework/src/Illuminate/Foundation/Http/Kernel.php(175): Illuminate/Pipeline/Pipeline->then(Object(Closure))
#47 D:/SEMESTER 6 D-IV TRPL/New folder/UTS-RPL-APPL-11423006/vendor/laravel/framework/src/Illuminate/Foundation/Http/Kernel.php(144): Illuminate/Foundation/Http/Kernel->sendRequestThroughRouter(Object(Illuminate/Http/Request))
#48 D:/SEMESTER 6 D-IV TRPL/New folder/UTS-RPL-APPL-11423006/vendor/laravel/framework/src/Illuminate/Foundation/Application.php(1220): Illuminate/Foundation/Http/Kernel->handle(Object(Illuminate/Http/Request))
#49 D:/SEMESTER 6 D-IV TRPL/New folder/UTS-RPL-APPL-11423006/public/index.php(20): Illuminate/Foundation/Application->handleRequest(Object(Illuminate/Http/Request))
#50 D:/SEMESTER 6 D-IV TRPL/New folder/UTS-RPL-APPL-11423006/vendor/laravel/framework/src/Illuminate/Foundation/resources/server.php(23): require_once('D://SEMESTER 6 D...')
#51 {main}
"} 
[2026-04-18 06:07:44] local.ERROR: Class "Illuminate\Support\Validation\Rules\Password" not found {"exception":"[object] (Error(code: 0): Class \"Illuminate\\Support\\Validation\\Rules\\Password\" not found at D:/SEMESTER 6 D-IV TRPL/New folder/UTS-RPL-APPL-11423006/app/Http/Controllers/AuthController.php:44)
[stacktrace]
#0 D:/SEMESTER 6 D-IV TRPL/New folder/UTS-RPL-APPL-11423006/vendor/laravel/framework/src/Illuminate/Routing/ControllerDispatcher.php(46): App/Http/Controllers/AuthController->register(Object(Illuminate/Http/Request))
#1 D:/SEMESTER 6 D-IV TRPL/New folder/UTS-RPL-APPL-11423006/vendor/laravel/framework/src/Illuminate/Routing/Route.php(265): Illuminate/Routing/ControllerDispatcher->dispatch(Object(Illuminate/Routing/Route), Object(App/Http/Controllers/AuthController), 'register')
#2 D:/SEMESTER 6 D-IV TRPL/New folder/UTS-RPL-APPL-11423006/vendor/laravel/framework/src/Illuminate/Routing/Route.php(211): Illuminate/Routing/Route->runController()
#3 D:/SEMESTER 6 D-IV TRPL/New folder/UTS-RPL-APPL-11423006/vendor/laravel/framework/src/Illuminate/Routing/Router.php(822): Illuminate/Routing/Route->run()
#4 D:/SEMESTER 6 D-IV TRPL/New folder/UTS-RPL-APPL-11423006/vendor/laravel/framework/src/Illuminate/Pipeline/Pipeline.php(180): Illuminate/Routing/Router->Illuminate/Routing/{closure}(Object(Illuminate/Http/Request))
#5 D:/SEMESTER 6 D-IV TRPL/New folder/UTS-RPL-APPL-11423006/vendor/laravel/framework/src/Illuminate/Auth/Middleware/RedirectIfAuthenticated.php(47): Illuminate/Pipeline/Pipeline->Illuminate/Pipeline/{closure}(Object(Illuminate/Http/Request))
#6 D:/SEMESTER 6 D-IV TRPL/New folder/UTS-RPL-APPL-11423006/vendor/laravel/framework/src/Illuminate/Pipeline/Pipeline.php(219): Illuminate/Auth/Middleware/RedirectIfAuthenticated->handle(Object(Illuminate/Http/Request), Object(Closure))
#7 D:/SEMESTER 6 D-IV TRPL/New folder/UTS-RPL-APPL-11423006/vendor/laravel/framework/src/Illuminate/Routing/Middleware/SubstituteBindings.php(50): Illuminate/Pipeline/Pipeline->Illuminate/Pipeline/{closure}(Object(Illuminate/Http/Request))
#8 D:/SEMESTER 6 D-IV TRPL/New folder/UTS-RPL-APPL-11423006/vendor/laravel/framework/src/Illuminate/Pipeline/Pipeline.php(219): Illuminate/Routing/Middleware/SubstituteBindings->handle(Object(Illuminate/Http/Request), Object(Closure))
#9 D:/SEMESTER 6 D-IV TRPL/New folder/UTS-RPL-APPL-11423006/vendor/laravel/framework/src/Illuminate/Foundation/Http/Middleware/VerifyCsrfToken.php(87): Illuminate/Pipeline/Pipeline->Illuminate/Pipeline/{closure}(Object(Illuminate/Http/Request))
#10 D:/SEMESTER 6 D-IV TRPL/New folder/UTS-RPL-APPL-11423006/vendor/laravel/framework/src/Illuminate/Pipeline/Pipeline.php(219): Illuminate/Foundation/Http/Middleware/VerifyCsrfToken->handle(Object(Illuminate/Http/Request), Object(Closure))
#11 D:/SEMESTER 6 D-IV TRPL/New folder/UTS-RPL-APPL-11423006/vendor/laravel/framework/src/Illuminate/View/Middleware/ShareErrorsFromSession.php(48): Illuminate/Pipeline/Pipeline->Illuminate/Pipeline/{closure}(Object(Illuminate/Http/Request))
#12 D:/SEMESTER 6 D-IV TRPL/New folder/UTS-RPL-APPL-11423006/vendor/laravel/framework/src/Illuminate/Pipeline/Pipeline.php(219): Illuminate/View/Middleware/ShareErrorsFromSession->handle(Object(Illuminate/Http/Request), Object(Closure))
#13 D:/SEMESTER 6 D-IV TRPL/New folder/UTS-RPL-APPL-11423006/vendor/laravel/framework/src/Illuminate/Session/Middleware/StartSession.php(120): Illuminate/Pipeline/Pipeline->Illuminate/Pipeline/{closure}(Object(Illuminate/Http/Request))
#14 D:/SEMESTER 6 D-IV TRPL/New folder/UTS-RPL-APPL-11423006/vendor/laravel/framework/src/Illuminate/Session/Middleware/StartSession.php(63): Illuminate/Session/Middleware/StartSession->handleStatefulRequest(Object(Illuminate/Http/Request), Object(Illuminate/Session/Store), Object(Closure))
#15 D:/SEMESTER 6 D-IV TRPL/New folder/UTS-RPL-APPL-11423006/vendor/laravel/framework/src/Illuminate/Pipeline/Pipeline.php(219): Illuminate/Session/Middleware/StartSession->handle(Object(Illuminate/Http/Request), Object(Closure))
#16 D:/SEMESTER 6 D-IV TRPL/New folder/UTS-RPL-APPL-11423006/vendor/laravel/framework/src/Illuminate/Cookie/Middleware/AddQueuedCookiesToResponse.php(36): Illuminate/Pipeline/Pipeline->Illuminate/Pipeline/{closure}(Object(Illuminate/Http/Request))
#17 D:/SEMESTER 6 D-IV TRPL/New folder/UTS-RPL-APPL-11423006/vendor/laravel/framework/src/Illuminate/Pipeline/Pipeline.php(219): Illuminate/Cookie/Middleware/AddQueuedCookiesToResponse->handle(Object(Illuminate/Http/Request), Object(Closure))
#18 D:/SEMESTER 6 D-IV TRPL/New folder/UTS-RPL-APPL-11423006/vendor/laravel/framework/src/Illuminate/Cookie/Middleware/EncryptCookies.php(74): Illuminate/Pipeline/Pipeline->Illuminate/Pipeline/{closure}(Object(Illuminate/Http/Request))
#19 D:/SEMESTER 6 D-IV TRPL/New folder/UTS-RPL-APPL-11423006/vendor/laravel/framework/src/Illuminate/Pipeline/Pipeline.php(219): Illuminate/Cookie/Middleware/EncryptCookies->handle(Object(Illuminate/Http/Request), Object(Closure))
#20 D:/SEMESTER 6 D-IV TRPL/New folder/UTS-RPL-APPL-11423006/vendor/laravel/framework/src/Illuminate/Pipeline/Pipeline.php(137): Illuminate/Pipeline/Pipeline->Illuminate/Pipeline/{closure}(Object(Illuminate/Http/Request))
#21 D:/SEMESTER 6 D-IV TRPL/New folder/UTS-RPL-APPL-11423006/vendor/laravel/framework/src/Illuminate/Routing/Router.php(821): Illuminate/Pipeline/Pipeline->then(Object(Closure))
#22 D:/SEMESTER 6 D-IV TRPL/New folder/UTS-RPL-APPL-11423006/vendor/laravel/framework/src/Illuminate/Routing/Router.php(800): Illuminate/Routing/Router->runRouteWithinStack(Object(Illuminate/Routing/Route), Object(Illuminate/Http/Request))
#23 D:/SEMESTER 6 D-IV TRPL/New folder/UTS-RPL-APPL-11423006/vendor/laravel/framework/src/Illuminate/Routing/Router.php(764): Illuminate/Routing/Router->runRoute(Object(Illuminate/Http/Request), Object(Illuminate/Routing/Route))
#24 D:/SEMESTER 6 D-IV TRPL/New folder/UTS-RPL-APPL-11423006/vendor/laravel/framework/src/Illuminate/Routing/Router.php(753): Illuminate/Routing/Router->dispatchToRoute(Object(Illuminate/Http/Request))
#25 D:/SEMESTER 6 D-IV TRPL/New folder/UTS-RPL-APPL-11423006/vendor/laravel/framework/src/Illuminate/Foundation/Http/Kernel.php(200): Illuminate/Routing/Router->dispatch(Object(Illuminate/Http/Request))
#26 D:/SEMESTER 6 D-IV TRPL/New folder/UTS-RPL-APPL-11423006/vendor/laravel/framework/src/Illuminate/Pipeline/Pipeline.php(180): Illuminate/Foundation/Http/Kernel->Illuminate/Foundation/Http/{closure}(Object(Illuminate/Http/Request))
#27 D:/SEMESTER 6 D-IV TRPL/New folder/UTS-RPL-APPL-11423006/vendor/laravel/framework/src/Illuminate/Foundation/Http/Middleware/TransformsRequest.php(21): Illuminate/Pipeline/Pipeline->Illuminate/Pipeline/{closure}(Object(Illuminate/Http/Request))
#28 D:/SEMESTER 6 D-IV TRPL/New folder/UTS-RPL-APPL-11423006/vendor/laravel/framework/src/Illuminate/Foundation/Http/Middleware/ConvertEmptyStringsToNull.php(31): Illuminate/Foundation/Http/Middleware/TransformsRequest->handle(Object(Illuminate/Http/Request), Object(Closure))
#29 D:/SEMESTER 6 D-IV TRPL/New folder/UTS-RPL-APPL-11423006/vendor/laravel/framework/src/Illuminate/Pipeline/Pipeline.php(219): Illuminate/Foundation/Http/Middleware/ConvertEmptyStringsToNull->handle(Object(Illuminate/Http/Request), Object(Closure))
#30 D:/SEMESTER 6 D-IV TRPL/New folder/UTS-RPL-APPL-11423006/vendor/laravel/framework/src/Illuminate/Foundation/Http/Middleware/TransformsRequest.php(21): Illuminate/Pipeline/Pipeline->Illuminate/Pipeline/{closure}(Object(Illuminate/Http/Request))
#31 D:/SEMESTER 6 D-IV TRPL/New folder/UTS-RPL-APPL-11423006/vendor/laravel/framework/src/Illuminate/Foundation/Http/Middleware/TrimStrings.php(51): Illuminate/Foundation/Http/Middleware/TransformsRequest->handle(Object(Illuminate/Http/Request), Object(Closure))
#32 D:/SEMESTER 6 D-IV TRPL/New folder/UTS-RPL-APPL-11423006/vendor/laravel/framework/src/Illuminate/Pipeline/Pipeline.php(219): Illuminate/Foundation/Http/Middleware/TrimStrings->handle(Object(Illuminate/Http/Request), Object(Closure))
#33 D:/SEMESTER 6 D-IV TRPL/New folder/UTS-RPL-APPL-11423006/vendor/laravel/framework/src/Illuminate/Http/Middleware/ValidatePostSize.php(27): Illuminate/Pipeline/Pipeline->Illuminate/Pipeline/{closure}(Object(Illuminate/Http/Request))
#34 D:/SEMESTER 6 D-IV TRPL/New folder/UTS-RPL-APPL-11423006/vendor/laravel/framework/src/Illuminate/Pipeline/Pipeline.php(219): Illuminate/Http/Middleware/ValidatePostSize->handle(Object(Illuminate/Http/Request), Object(Closure))
#35 D:/SEMESTER 6 D-IV TRPL/New folder/UTS-RPL-APPL-11423006/vendor/laravel/framework/src/Illuminate/Foundation/Http/Middleware/PreventRequestsDuringMaintenance.php(109): Illuminate/Pipeline/Pipeline->Illuminate/Pipeline/{closure}(Object(Illuminate/Http/Request))
#36 D:/SEMESTER 6 D-IV TRPL/New folder/UTS-RPL-APPL-11423006/vendor/laravel/framework/src/Illuminate/Pipeline/Pipeline.php(219): Illuminate/Foundation/Http/Middleware/PreventRequestsDuringMaintenance->handle(Object(Illuminate/Http/Request), Object(Closure))
#37 D:/SEMESTER 6 D-IV TRPL/New folder/UTS-RPL-APPL-11423006/vendor/laravel/framework/src/Illuminate/Http/Middleware/HandleCors.php(61): Illuminate/Pipeline/Pipeline->Illuminate/Pipeline/{closure}(Object(Illuminate/Http/Request))
#38 D:/SEMESTER 6 D-IV TRPL/New folder/UTS-RPL-APPL-11423006/vendor/laravel/framework/src/Illuminate/Pipeline/Pipeline.php(219): Illuminate/Http/Middleware/HandleCors->handle(Object(Illuminate/Http/Request), Object(Closure))
#39 D:/SEMESTER 6 D-IV TRPL/New folder/UTS-RPL-APPL-11423006/vendor/laravel/framework/src/Illuminate/Http/Middleware/TrustProxies.php(58): Illuminate/Pipeline/Pipeline->Illuminate/Pipeline/{closure}(Object(Illuminate/Http/Request))
#40 D:/SEMESTER 6 D-IV TRPL/New folder/UTS-RPL-APPL-11423006/vendor/laravel/framework/src/Illuminate/Pipeline/Pipeline.php(219): Illuminate/Http/Middleware/TrustProxies->handle(Object(Illuminate/Http/Request), Object(Closure))
#41 D:/SEMESTER 6 D-IV TRPL/New folder/UTS-RPL-APPL-11423006/vendor/laravel/framework/src/Illuminate/Foundation/Http/Middleware/InvokeDeferredCallbacks.php(22): Illuminate/Pipeline/Pipeline->Illuminate/Pipeline/{closure}(Object(Illuminate/Http/Request))
#42 D:/SEMESTER 6 D-IV TRPL/New folder/UTS-RPL-APPL-11423006/vendor/laravel/framework/src/Illuminate/Pipeline/Pipeline.php(219): Illuminate/Foundation/Http/Middleware/InvokeDeferredCallbacks->handle(Object(Illuminate/Http/Request), Object(Closure))
#43 D:/SEMESTER 6 D-IV TRPL/New folder/UTS-RPL-APPL-11423006/vendor/laravel/framework/src/Illuminate/Http/Middleware/ValidatePathEncoding.php(26): Illuminate/Pipeline/Pipeline->Illuminate/Pipeline/{closure}(Object(Illuminate/Http/Request))
#44 D:/SEMESTER 6 D-IV TRPL/New folder/UTS-RPL-APPL-11423006/vendor/laravel/framework/src/Illuminate/Pipeline/Pipeline.php(219): Illuminate/Http/Middleware/ValidatePathEncoding->handle(Object(Illuminate/Http/Request), Object(Closure))
#45 D:/SEMESTER 6 D-IV TRPL/New folder/UTS-RPL-APPL-11423006/vendor/laravel/framework/src/Illuminate/Pipeline/Pipeline.php(137): Illuminate/Pipeline/Pipeline->Illuminate/Pipeline/{closure}(Object(Illuminate/Http/Request))
#46 D:/SEMESTER 6 D-IV TRPL/New folder/UTS-RPL-APPL-11423006/vendor/laravel/framework/src/Illuminate/Foundation/Http/Kernel.php(175): Illuminate/Pipeline/Pipeline->then(Object(Closure))
#47 D:/SEMESTER 6 D-IV TRPL/New folder/UTS-RPL-APPL-11423006/vendor/laravel/framework/src/Illuminate/Foundation/Http/Kernel.php(144): Illuminate/Foundation/Http/Kernel->sendRequestThroughRouter(Object(Illuminate/Http/Request))
#48 D:/SEMESTER 6 D-IV TRPL/New folder/UTS-RPL-APPL-11423006/vendor/laravel/framework/src/Illuminate/Foundation/Application.php(1220): Illuminate/Foundation/Http/Kernel->handle(Object(Illuminate/Http/Request))
#49 D:/SEMESTER 6 D-IV TRPL/New folder/UTS-RPL-APPL-11423006/public/index.php(20): Illuminate/Foundation/Application->handleRequest(Object(Illuminate/Http/Request))
#50 D:/SEMESTER 6 D-IV TRPL/New folder/UTS-RPL-APPL-11423006/vendor/laravel/framework/src/Illuminate/Foundation/resources/server.php(23): require_once('D://SEMESTER 6 D...')
#51 {main}
"} 
[2026-04-18 06:10:34] local.ERROR: SQLSTATE[HY000]: General error: 1 table users has no column named specialty (Connection: sqlite, Database: database/database.sqlite, SQL: insert into "users" ("name", "email", "email_verified_at", "password", "remember_token", "role", "specialty", "updated_at", "created_at") values (Dr. Anita Dewi, doctor@meditrack.test, 2026-04-18 06:10:34, $2y$12$HnqQPhINmtasq0CLLcarLumaNicMAqclAJgy6YFEzg4qpu65cSuU6, RNKWCXKsMN, doctor, General Practitioner, 2026-04-18 06:10:34, 2026-04-18 06:10:34)) {"exception":"[object] (Illuminate\\Database\\QueryException(code: HY000): SQLSTATE[HY000]: General error: 1 table users has no column named specialty (Connection: sqlite, Database: database/database.sqlite, SQL: insert into \"users\" (\"name\", \"email\", \"email_verified_at\", \"password\", \"remember_token\", \"role\", \"specialty\", \"updated_at\", \"created_at\") values (Dr. Anita Dewi, doctor@meditrack.test, 2026-04-18 06:10:34, $2y$12$HnqQPhINmtasq0CLLcarLumaNicMAqclAJgy6YFEzg4qpu65cSuU6, RNKWCXKsMN, doctor, General Practitioner, 2026-04-18 06:10:34, 2026-04-18 06:10:34)) at D:/SEMESTER 6 D-IV TRPL/New folder/UTS-RPL-APPL-11423006/vendor/laravel/framework/src/Illuminate/Database/Connection.php:838)
[stacktrace]
#0 D:/SEMESTER 6 D-IV TRPL/New folder/UTS-RPL-APPL-11423006/vendor/laravel/framework/src/Illuminate/Database/Connection.php(794): Illuminate/Database/Connection->runQueryCallback('insert into \"us...', Array, Object(Closure))
#1 D:/SEMESTER 6 D-IV TRPL/New folder/UTS-RPL-APPL-11423006/vendor/laravel/framework/src/Illuminate/Database/Connection.php(573): Illuminate/Database/Connection->run('insert into \"us...', Array, Object(Closure))
#2 D:/SEMESTER 6 D-IV TRPL/New folder/UTS-RPL-APPL-11423006/vendor/laravel/framework/src/Illuminate/Database/Connection.php(537): Illuminate/Database/Connection->statement('insert into \"us...', Array)
#3 D:/SEMESTER 6 D-IV TRPL/New folder/UTS-RPL-APPL-11423006/vendor/laravel/framework/src/Illuminate/Database/Query/Processors/Processor.php(32): Illuminate/Database/Connection->insert('insert into \"us...', Array)
#4 D:/SEMESTER 6 D-IV TRPL/New folder/UTS-RPL-APPL-11423006/vendor/laravel/framework/src/Illuminate/Database/Query/Builder.php(4170): Illuminate/Database/Query/Processors/Processor->processInsertGetId(Object(Illuminate/Database/Query/Builder), 'insert into \"us...', Array, 'id')
#5 D:/SEMESTER 6 D-IV TRPL/New folder/UTS-RPL-APPL-11423006/vendor/laravel/framework/src/Illuminate/Database/Eloquent/Builder.php(2237): Illuminate/Database/Query/Builder->insertGetId(Array, 'id')
#6 D:/SEMESTER 6 D-IV TRPL/New folder/UTS-RPL-APPL-11423006/vendor/laravel/framework/src/Illuminate/Database/Eloquent/Model.php(1436): Illuminate/Database/Eloquent/Builder->__call('insertGetId', Array)
#7 D:/SEMESTER 6 D-IV TRPL/New folder/UTS-RPL-APPL-11423006/vendor/laravel/framework/src/Illuminate/Database/Eloquent/Model.php(1401): Illuminate/Database/Eloquent/Model->insertAndSetId(Object(Illuminate/Database/Eloquent/Builder), Array)
#8 D:/SEMESTER 6 D-IV TRPL/New folder/UTS-RPL-APPL-11423006/vendor/laravel/framework/src/Illuminate/Database/Eloquent/Model.php(1240): Illuminate/Database/Eloquent/Model->performInsert(Object(Illuminate/Database/Eloquent/Builder))
#9 D:/SEMESTER 6 D-IV TRPL/New folder/UTS-RPL-APPL-11423006/vendor/laravel/framework/src/Illuminate/Database/Eloquent/Factories/Factory.php(370): Illuminate/Database/Eloquent/Model->save()
#10 D:/SEMESTER 6 D-IV TRPL/New folder/UTS-RPL-APPL-11423006/vendor/laravel/framework/src/Illuminate/Collections/Traits/EnumeratesValues.php(275): Illuminate/Database/Eloquent/Factories/Factory->Illuminate/Database/Eloquent/Factories/{closure}(Object(App/Models/User), 0)
#11 D:/SEMESTER 6 D-IV TRPL/New folder/UTS-RPL-APPL-11423006/vendor/laravel/framework/src/Illuminate/Database/Eloquent/Factories/Factory.php(365): Illuminate/Support/Collection->each(Object(Closure))
#12 D:/SEMESTER 6 D-IV TRPL/New folder/UTS-RPL-APPL-11423006/vendor/laravel/framework/src/Illuminate/Database/Eloquent/Factories/Factory.php(321): Illuminate/Database/Eloquent/Factories/Factory->store(Object(Illuminate/Support/Collection))
#13 D:/SEMESTER 6 D-IV TRPL/New folder/UTS-RPL-APPL-11423006/vendor/laravel/framework/src/Illuminate/Database/Eloquent/Factories/Factory.php(315): Illuminate/Database/Eloquent/Factories/Factory->create(Array, NULL)
#14 D:/SEMESTER 6 D-IV TRPL/New folder/UTS-RPL-APPL-11423006/database/seeders/DatabaseSeeder.php(23): Illuminate/Database/Eloquent/Factories/Factory->create(Array)
#15 D:/SEMESTER 6 D-IV TRPL/New folder/UTS-RPL-APPL-11423006/vendor/laravel/framework/src/Illuminate/Container/BoundMethod.php(36): Database/Seeders/DatabaseSeeder->run()
#16 D:/SEMESTER 6 D-IV TRPL/New folder/UTS-RPL-APPL-11423006/vendor/laravel/framework/src/Illuminate/Container/Util.php(43): Illuminate/Container/BoundMethod::Illuminate/Container/{closure}()
#17 D:/SEMESTER 6 D-IV TRPL/New folder/UTS-RPL-APPL-11423006/vendor/laravel/framework/src/Illuminate/Container/BoundMethod.php(96): Illuminate/Container/Util::unwrapIfClosure(Object(Closure))
#18 D:/SEMESTER 6 D-IV TRPL/New folder/UTS-RPL-APPL-11423006/vendor/laravel/framework/src/Illuminate/Container/BoundMethod.php(35): Illuminate/Container/BoundMethod::callBoundMethod(Object(Illuminate/Foundation/Application), Array, Object(Closure))
#19 D:/SEMESTER 6 D-IV TRPL/New folder/UTS-RPL-APPL-11423006/vendor/laravel/framework/src/Illuminate/Container/Container.php(799): Illuminate/Container/BoundMethod::call(Object(Illuminate/Foundation/Application), Array, Array, NULL)
#20 D:/SEMESTER 6 D-IV TRPL/New folder/UTS-RPL-APPL-11423006/vendor/laravel/framework/src/Illuminate/Database/Seeder.php(184): Illuminate/Container/Container->call(Array, Array)
#21 D:/SEMESTER 6 D-IV TRPL/New folder/UTS-RPL-APPL-11423006/vendor/laravel/framework/src/Illuminate/Database/Eloquent/Concerns/HasEvents.php(454): Illuminate/Database/Seeder->Illuminate/Database/{closure}()
#22 D:/SEMESTER 6 D-IV TRPL/New folder/UTS-RPL-APPL-11423006/vendor/laravel/framework/src/Illuminate/Database/Console/Seeds/WithoutModelEvents.php(17): Illuminate/Database/Eloquent/Model::withoutEvents(Object(Closure))
#23 D:/SEMESTER 6 D-IV TRPL/New folder/UTS-RPL-APPL-11423006/vendor/laravel/framework/src/Illuminate/Database/Seeder.php(193): Database/Seeders/DatabaseSeeder->Illuminate/Database/Console/Seeds/{closure}()
#24 D:/SEMESTER 6 D-IV TRPL/New folder/UTS-RPL-APPL-11423006/vendor/laravel/framework/src/Illuminate/Database/Console/Seeds/SeedCommand.php(71): Illuminate/Database/Seeder->__invoke()
#25 D:/SEMESTER 6 D-IV TRPL/New folder/UTS-RPL-APPL-11423006/vendor/laravel/framework/src/Illuminate/Database/Eloquent/Concerns/GuardsAttributes.php(157): Illuminate/Database/Console/Seeds/SeedCommand->Illuminate/Database/Console/Seeds/{closure}()
#26 D:/SEMESTER 6 D-IV TRPL/New folder/UTS-RPL-APPL-11423006/vendor/laravel/framework/src/Illuminate/Database/Console/Seeds/SeedCommand.php(70): Illuminate/Database/Eloquent/Model::unguarded(Object(Closure))
#27 D:/SEMESTER 6 D-IV TRPL/New folder/UTS-RPL-APPL-11423006/vendor/laravel/framework/src/Illuminate/Container/BoundMethod.php(36): Illuminate/Database/Console/Seeds/SeedCommand->handle()
#28 D:/SEMESTER 6 D-IV TRPL/New folder/UTS-RPL-APPL-11423006/vendor/laravel/framework/src/Illuminate/Container/Util.php(43): Illuminate/Container/BoundMethod::Illuminate/Container/{closure}()
#29 D:/SEMESTER 6 D-IV TRPL/New folder/UTS-RPL-APPL-11423006/vendor/laravel/framework/src/Illuminate/Container/BoundMethod.php(96): Illuminate/Container/Util::unwrapIfClosure(Object(Closure))
#30 D:/SEMESTER 6 D-IV TRPL/New folder/UTS-RPL-APPL-11423006/vendor/laravel/framework/src/Illuminate/Container/BoundMethod.php(35): Illuminate/Container/BoundMethod::callBoundMethod(Object(Illuminate/Foundation/Application), Array, Object(Closure))
#31 D:/SEMESTER 6 D-IV TRPL/New folder/UTS-RPL-APPL-11423006/vendor/laravel/framework/src/Illuminate/Container/Container.php(799): Illuminate/Container/BoundMethod::call(Object(Illuminate/Foundation/Application), Array, Array, NULL)
#32 D:/SEMESTER 6 D-IV TRPL/New folder/UTS-RPL-APPL-11423006/vendor/laravel/framework/src/Illuminate/Console/Command.php(211): Illuminate/Container/Container->call(Array)
#33 D:/SEMESTER 6 D-IV TRPL/New folder/UTS-RPL-APPL-11423006/vendor/symfony/console/Command/Command.php(341): Illuminate/Console/Command->execute(Object(Symfony/Component/Console/Input/ArgvInput), Object(Illuminate/Console/OutputStyle))
#34 D:/SEMESTER 6 D-IV TRPL/New folder/UTS-RPL-APPL-11423006/vendor/laravel/framework/src/Illuminate/Console/Command.php(180): Symfony/Component/Console/Command/Command->run(Object(Symfony/Component/Console/Input/ArgvInput), Object(Illuminate/Console/OutputStyle))
#35 D:/SEMESTER 6 D-IV TRPL/New folder/UTS-RPL-APPL-11423006/vendor/symfony/console/Application.php(1117): Illuminate/Console/Command->run(Object(Symfony/Component/Console/Input/ArgvInput), Object(Symfony/Component/Console/Output/ConsoleOutput))
#36 D:/SEMESTER 6 D-IV TRPL/New folder/UTS-RPL-APPL-11423006/vendor/symfony/console/Application.php(356): Symfony/Component/Console/Application->doRunCommand(Object(Illuminate/Database/Console/Seeds/SeedCommand), Object(Symfony/Component/Console/Input/ArgvInput), Object(Symfony/Component/Console/Output/ConsoleOutput))
#37 D:/SEMESTER 6 D-IV TRPL/New folder/UTS-RPL-APPL-11423006/vendor/symfony/console/Application.php(195): Symfony/Component/Console/Application->doRun(Object(Symfony/Component/Console/Input/ArgvInput), Object(Symfony/Component/Console/Output/ConsoleOutput))
#38 D:/SEMESTER 6 D-IV TRPL/New folder/UTS-RPL-APPL-11423006/vendor/laravel/framework/src/Illuminate/Foundation/Console/Kernel.php(198): Symfony/Component/Console/Application->run(Object(Symfony/Component/Console/Input/ArgvInput), Object(Symfony/Component/Console/Output/ConsoleOutput))
#39 D:/SEMESTER 6 D-IV TRPL/New folder/UTS-RPL-APPL-11423006/vendor/laravel/framework/src/Illuminate/Foundation/Application.php(1235): Illuminate/Foundation/Console/Kernel->handle(Object(Symfony/Component/Console/Input/ArgvInput), Object(Symfony/Component/Console/Output/ConsoleOutput))
#40 D:/SEMESTER 6 D-IV TRPL/New folder/UTS-RPL-APPL-11423006/artisan(16): Illuminate/Foundation/Application->handleCommand(Object(Symfony/Component/Console/Input/ArgvInput))
#41 {main}

[previous exception] [object] (PDOException(code: HY000): SQLSTATE[HY000]: General error: 1 table users has no column named specialty at D:/SEMESTER 6 D-IV TRPL/New folder/UTS-RPL-APPL-11423006/vendor/laravel/framework/src/Illuminate/Database/Connection.php:578)
[stacktrace]
#0 D:/SEMESTER 6 D-IV TRPL/New folder/UTS-RPL-APPL-11423006/vendor/laravel/framework/src/Illuminate/Database/Connection.php(578): PDO->prepare('insert into \"us...')
#1 D:/SEMESTER 6 D-IV TRPL/New folder/UTS-RPL-APPL-11423006/vendor/laravel/framework/src/Illuminate/Database/Connection.php(827): Illuminate/Database/Connection->Illuminate/Database/{closure}('insert into \"us...', Array)
#2 D:/SEMESTER 6 D-IV TRPL/New folder/UTS-RPL-APPL-11423006/vendor/laravel/framework/src/Illuminate/Database/Connection.php(794): Illuminate/Database/Connection->runQueryCallback('insert into \"us...', Array, Object(Closure))
#3 D:/SEMESTER 6 D-IV TRPL/New folder/UTS-RPL-APPL-11423006/vendor/laravel/framework/src/Illuminate/Database/Connection.php(573): Illuminate/Database/Connection->run('insert into \"us...', Array, Object(Closure))
#4 D:/SEMESTER 6 D-IV TRPL/New folder/UTS-RPL-APPL-11423006/vendor/laravel/framework/src/Illuminate/Database/Connection.php(537): Illuminate/Database/Connection->statement('insert into \"us...', Array)
#5 D:/SEMESTER 6 D-IV TRPL/New folder/UTS-RPL-APPL-11423006/vendor/laravel/framework/src/Illuminate/Database/Query/Processors/Processor.php(32): Illuminate/Database/Connection->insert('insert into \"us...', Array)
#6 D:/SEMESTER 6 D-IV TRPL/New folder/UTS-RPL-APPL-11423006/vendor/laravel/framework/src/Illuminate/Database/Query/Builder.php(4170): Illuminate/Database/Query/Processors/Processor->processInsertGetId(Object(Illuminate/Database/Query/Builder), 'insert into \"us...', Array, 'id')
#7 D:/SEMESTER 6 D-IV TRPL/New folder/UTS-RPL-APPL-11423006/vendor/laravel/framework/src/Illuminate/Database/Eloquent/Builder.php(2237): Illuminate/Database/Query/Builder->insertGetId(Array, 'id')
#8 D:/SEMESTER 6 D-IV TRPL/New folder/UTS-RPL-APPL-11423006/vendor/laravel/framework/src/Illuminate/Database/Eloquent/Model.php(1436): Illuminate/Database/Eloquent/Builder->__call('insertGetId', Array)
#9 D:/SEMESTER 6 D-IV TRPL/New folder/UTS-RPL-APPL-11423006/vendor/laravel/framework/src/Illuminate/Database/Eloquent/Model.php(1401): Illuminate/Database/Eloquent/Model->insertAndSetId(Object(Illuminate/Database/Eloquent/Builder), Array)
#10 D:/SEMESTER 6 D-IV TRPL/New folder/UTS-RPL-APPL-11423006/vendor/laravel/framework/src/Illuminate/Database/Eloquent/Model.php(1240): Illuminate/Database/Eloquent/Model->performInsert(Object(Illuminate/Database/Eloquent/Builder))
#11 D:/SEMESTER 6 D-IV TRPL/New folder/UTS-RPL-APPL-11423006/vendor/laravel/framework/src/Illuminate/Database/Eloquent/Factories/Factory.php(370): Illuminate/Database/Eloquent/Model->save()
#12 D:/SEMESTER 6 D-IV TRPL/New folder/UTS-RPL-APPL-11423006/vendor/laravel/framework/src/Illuminate/Collections/Traits/EnumeratesValues.php(275): Illuminate/Database/Eloquent/Factories/Factory->Illuminate/Database/Eloquent/Factories/{closure}(Object(App/Models/User), 0)
#13 D:/SEMESTER 6 D-IV TRPL/New folder/UTS-RPL-APPL-11423006/vendor/laravel/framework/src/Illuminate/Database/Eloquent/Factories/Factory.php(365): Illuminate/Support/Collection->each(Object(Closure))
#14 D:/SEMESTER 6 D-IV TRPL/New folder/UTS-RPL-APPL-11423006/vendor/laravel/framework/src/Illuminate/Database/Eloquent/Factories/Factory.php(321): Illuminate/Database/Eloquent/Factories/Factory->store(Object(Illuminate/Support/Collection))
#15 D:/SEMESTER 6 D-IV TRPL/New folder/UTS-RPL-APPL-11423006/vendor/laravel/framework/src/Illuminate/Database/Eloquent/Factories/Factory.php(315): Illuminate/Database/Eloquent/Factories/Factory->create(Array, NULL)
#16 D:/SEMESTER 6 D-IV TRPL/New folder/UTS-RPL-APPL-11423006/database/seeders/DatabaseSeeder.php(23): Illuminate/Database/Eloquent/Factories/Factory->create(Array)
#17 D:/SEMESTER 6 D-IV TRPL/New folder/UTS-RPL-APPL-11423006/vendor/laravel/framework/src/Illuminate/Container/BoundMethod.php(36): Database/Seeders/DatabaseSeeder->run()
#18 D:/SEMESTER 6 D-IV TRPL/New folder/UTS-RPL-APPL-11423006/vendor/laravel/framework/src/Illuminate/Container/Util.php(43): Illuminate/Container/BoundMethod::Illuminate/Container/{closure}()
#19 D:/SEMESTER 6 D-IV TRPL/New folder/UTS-RPL-APPL-11423006/vendor/laravel/framework/src/Illuminate/Container/BoundMethod.php(96): Illuminate/Container/Util::unwrapIfClosure(Object(Closure))
#20 D:/SEMESTER 6 D-IV TRPL/New folder/UTS-RPL-APPL-11423006/vendor/laravel/framework/src/Illuminate/Container/BoundMethod.php(35): Illuminate/Container/BoundMethod::callBoundMethod(Object(Illuminate/Foundation/Application), Array, Object(Closure))
#21 D:/SEMESTER 6 D-IV TRPL/New folder/UTS-RPL-APPL-11423006/vendor/laravel/framework/src/Illuminate/Container/Container.php(799): Illuminate/Container/BoundMethod::call(Object(Illuminate/Foundation/Application), Array, Array, NULL)
#22 D:/SEMESTER 6 D-IV TRPL/New folder/UTS-RPL-APPL-11423006/vendor/laravel/framework/src/Illuminate/Database/Seeder.php(184): Illuminate/Container/Container->call(Array, Array)
#23 D:/SEMESTER 6 D-IV TRPL/New folder/UTS-RPL-APPL-11423006/vendor/laravel/framework/src/Illuminate/Database/Eloquent/Concerns/HasEvents.php(454): Illuminate/Database/Seeder->Illuminate/Database/{closure}()
#24 D:/SEMESTER 6 D-IV TRPL/New folder/UTS-RPL-APPL-11423006/vendor/laravel/framework/src/Illuminate/Database/Console/Seeds/WithoutModelEvents.php(17): Illuminate/Database/Eloquent/Model::withoutEvents(Object(Closure))
#25 D:/SEMESTER 6 D-IV TRPL/New folder/UTS-RPL-APPL-11423006/vendor/laravel/framework/src/Illuminate/Database/Seeder.php(193): Database/Seeders/DatabaseSeeder->Illuminate/Database/Console/Seeds/{closure}()
#26 D:/SEMESTER 6 D-IV TRPL/New folder/UTS-RPL-APPL-11423006/vendor/laravel/framework/src/Illuminate/Database/Console/Seeds/SeedCommand.php(71): Illuminate/Database/Seeder->__invoke()
#27 D:/SEMESTER 6 D-IV TRPL/New folder/UTS-RPL-APPL-11423006/vendor/laravel/framework/src/Illuminate/Database/Eloquent/Concerns/GuardsAttributes.php(157): Illuminate/Database/Console/Seeds/SeedCommand->Illuminate/Database/Console/Seeds/{closure}()
#28 D:/SEMESTER 6 D-IV TRPL/New folder/UTS-RPL-APPL-11423006/vendor/laravel/framework/src/Illuminate/Database/Console/Seeds/SeedCommand.php(70): Illuminate/Database/Eloquent/Model::unguarded(Object(Closure))
#29 D:/SEMESTER 6 D-IV TRPL/New folder/UTS-RPL-APPL-11423006/vendor/laravel/framework/src/Illuminate/Container/BoundMethod.php(36): Illuminate/Database/Console/Seeds/SeedCommand->handle()
#30 D:/SEMESTER 6 D-IV TRPL/New folder/UTS-RPL-APPL-11423006/vendor/laravel/framework/src/Illuminate/Container/Util.php(43): Illuminate/Container/BoundMethod::Illuminate/Container/{closure}()
#31 D:/SEMESTER 6 D-IV TRPL/New folder/UTS-RPL-APPL-11423006/vendor/laravel/framework/src/Illuminate/Container/BoundMethod.php(96): Illuminate/Container/Util::unwrapIfClosure(Object(Closure))
#32 D:/SEMESTER 6 D-IV TRPL/New folder/UTS-RPL-APPL-11423006/vendor/laravel/framework/src/Illuminate/Container/BoundMethod.php(35): Illuminate/Container/BoundMethod::callBoundMethod(Object(Illuminate/Foundation/Application), Array, Object(Closure))
#33 D:/SEMESTER 6 D-IV TRPL/New folder/UTS-RPL-APPL-11423006/vendor/laravel/framework/src/Illuminate/Container/Container.php(799): Illuminate/Container/BoundMethod::call(Object(Illuminate/Foundation/Application), Array, Array, NULL)
#34 D:/SEMESTER 6 D-IV TRPL/New folder/UTS-RPL-APPL-11423006/vendor/laravel/framework/src/Illuminate/Console/Command.php(211): Illuminate/Container/Container->call(Array)
#35 D:/SEMESTER 6 D-IV TRPL/New folder/UTS-RPL-APPL-11423006/vendor/symfony/console/Command/Command.php(341): Illuminate/Console/Command->execute(Object(Symfony/Component/Console/Input/ArgvInput), Object(Illuminate/Console/OutputStyle))
#36 D:/SEMESTER 6 D-IV TRPL/New folder/UTS-RPL-APPL-11423006/vendor/laravel/framework/src/Illuminate/Console/Command.php(180): Symfony/Component/Console/Command/Command->run(Object(Symfony/Component/Console/Input/ArgvInput), Object(Illuminate/Console/OutputStyle))
#37 D:/SEMESTER 6 D-IV TRPL/New folder/UTS-RPL-APPL-11423006/vendor/symfony/console/Application.php(1117): Illuminate/Console/Command->run(Object(Symfony/Component/Console/Input/ArgvInput), Object(Symfony/Component/Console/Output/ConsoleOutput))
#38 D:/SEMESTER 6 D-IV TRPL/New folder/UTS-RPL-APPL-11423006/vendor/symfony/console/Application.php(356): Symfony/Component/Console/Application->doRunCommand(Object(Illuminate/Database/Console/Seeds/SeedCommand), Object(Symfony/Component/Console/Input/ArgvInput), Object(Symfony/Component/Console/Output/ConsoleOutput))
#39 D:/SEMESTER 6 D-IV TRPL/New folder/UTS-RPL-APPL-11423006/vendor/symfony/console/Application.php(195): Symfony/Component/Console/Application->doRun(Object(Symfony/Component/Console/Input/ArgvInput), Object(Symfony/Component/Console/Output/ConsoleOutput))
#40 D:/SEMESTER 6 D-IV TRPL/New folder/UTS-RPL-APPL-11423006/vendor/laravel/framework/src/Illuminate/Foundation/Console/Kernel.php(198): Symfony/Component/Console/Application->run(Object(Symfony/Component/Console/Input/ArgvInput), Object(Symfony/Component/Console/Output/ConsoleOutput))
#41 D:/SEMESTER 6 D-IV TRPL/New folder/UTS-RPL-APPL-11423006/vendor/laravel/framework/src/Illuminate/Foundation/Application.php(1235): Illuminate/Foundation/Console/Kernel->handle(Object(Symfony/Component/Console/Input/ArgvInput), Object(Symfony/Component/Console/Output/ConsoleOutput))
#42 D:/SEMESTER 6 D-IV TRPL/New folder/UTS-RPL-APPL-11423006/artisan(16): Illuminate/Foundation/Application->handleCommand(Object(Symfony/Component/Console/Input/ArgvInput))
#43 {main}
"} 
[2026-04-18 06:11:54] local.ERROR: SQLSTATE[23000]: Integrity constraint violation: 19 UNIQUE constraint failed: users.email (Connection: sqlite, Database: database/database.sqlite, SQL: insert into "users" ("name", "email", "email_verified_at", "password", "remember_token", "role", "updated_at", "created_at") values (Admin MediTrack, admin@meditrack.test, 2026-04-18 06:11:54, $2y$12$NRbchrlGTIHB9tNcSSFfLupVYQOGZ.DpHu7oGTeQH0t4k/za0jwfC, irxlNzyRql, admin, 2026-04-18 06:11:54, 2026-04-18 06:11:54)) {"exception":"[object] (Illuminate\\Database\\UniqueConstraintViolationException(code: 23000): SQLSTATE[23000]: Integrity constraint violation: 19 UNIQUE constraint failed: users.email (Connection: sqlite, Database: database/database.sqlite, SQL: insert into \"users\" (\"name\", \"email\", \"email_verified_at\", \"password\", \"remember_token\", \"role\", \"updated_at\", \"created_at\") values (Admin MediTrack, admin@meditrack.test, 2026-04-18 06:11:54, $2y$12$NRbchrlGTIHB9tNcSSFfLupVYQOGZ.DpHu7oGTeQH0t4k/za0jwfC, irxlNzyRql, admin, 2026-04-18 06:11:54, 2026-04-18 06:11:54)) at D:/SEMESTER 6 D-IV TRPL/New folder/UTS-RPL-APPL-11423006/vendor/laravel/framework/src/Illuminate/Database/Connection.php:838)
[stacktrace]
#0 D:/SEMESTER 6 D-IV TRPL/New folder/UTS-RPL-APPL-11423006/vendor/laravel/framework/src/Illuminate/Database/Connection.php(794): Illuminate/Database/Connection->runQueryCallback('insert into \"us...', Array, Object(Closure))
#1 D:/SEMESTER 6 D-IV TRPL/New folder/UTS-RPL-APPL-11423006/vendor/laravel/framework/src/Illuminate/Database/Connection.php(573): Illuminate/Database/Connection->run('insert into \"us...', Array, Object(Closure))
#2 D:/SEMESTER 6 D-IV TRPL/New folder/UTS-RPL-APPL-11423006/vendor/laravel/framework/src/Illuminate/Database/Connection.php(537): Illuminate/Database/Connection->statement('insert into \"us...', Array)
#3 D:/SEMESTER 6 D-IV TRPL/New folder/UTS-RPL-APPL-11423006/vendor/laravel/framework/src/Illuminate/Database/Query/Processors/Processor.php(32): Illuminate/Database/Connection->insert('insert into \"us...', Array)
#4 D:/SEMESTER 6 D-IV TRPL/New folder/UTS-RPL-APPL-11423006/vendor/laravel/framework/src/Illuminate/Database/Query/Builder.php(4170): Illuminate/Database/Query/Processors/Processor->processInsertGetId(Object(Illuminate/Database/Query/Builder), 'insert into \"us...', Array, 'id')
#5 D:/SEMESTER 6 D-IV TRPL/New folder/UTS-RPL-APPL-11423006/vendor/laravel/framework/src/Illuminate/Database/Eloquent/Builder.php(2237): Illuminate/Database/Query/Builder->insertGetId(Array, 'id')
#6 D:/SEMESTER 6 D-IV TRPL/New folder/UTS-RPL-APPL-11423006/vendor/laravel/framework/src/Illuminate/Database/Eloquent/Model.php(1436): Illuminate/Database/Eloquent/Builder->__call('insertGetId', Array)
#7 D:/SEMESTER 6 D-IV TRPL/New folder/UTS-RPL-APPL-11423006/vendor/laravel/framework/src/Illuminate/Database/Eloquent/Model.php(1401): Illuminate/Database/Eloquent/Model->insertAndSetId(Object(Illuminate/Database/Eloquent/Builder), Array)
#8 D:/SEMESTER 6 D-IV TRPL/New folder/UTS-RPL-APPL-11423006/vendor/laravel/framework/src/Illuminate/Database/Eloquent/Model.php(1240): Illuminate/Database/Eloquent/Model->performInsert(Object(Illuminate/Database/Eloquent/Builder))
#9 D:/SEMESTER 6 D-IV TRPL/New folder/UTS-RPL-APPL-11423006/vendor/laravel/framework/src/Illuminate/Database/Eloquent/Factories/Factory.php(370): Illuminate/Database/Eloquent/Model->save()
#10 D:/SEMESTER 6 D-IV TRPL/New folder/UTS-RPL-APPL-11423006/vendor/laravel/framework/src/Illuminate/Collections/Traits/EnumeratesValues.php(275): Illuminate/Database/Eloquent/Factories/Factory->Illuminate/Database/Eloquent/Factories/{closure}(Object(App/Models/User), 0)
#11 D:/SEMESTER 6 D-IV TRPL/New folder/UTS-RPL-APPL-11423006/vendor/laravel/framework/src/Illuminate/Database/Eloquent/Factories/Factory.php(365): Illuminate/Support/Collection->each(Object(Closure))
#12 D:/SEMESTER 6 D-IV TRPL/New folder/UTS-RPL-APPL-11423006/vendor/laravel/framework/src/Illuminate/Database/Eloquent/Factories/Factory.php(321): Illuminate/Database/Eloquent/Factories/Factory->store(Object(Illuminate/Support/Collection))
#13 D:/SEMESTER 6 D-IV TRPL/New folder/UTS-RPL-APPL-11423006/vendor/laravel/framework/src/Illuminate/Database/Eloquent/Factories/Factory.php(315): Illuminate/Database/Eloquent/Factories/Factory->create(Array, NULL)
#14 D:/SEMESTER 6 D-IV TRPL/New folder/UTS-RPL-APPL-11423006/database/seeders/DatabaseSeeder.php(16): Illuminate/Database/Eloquent/Factories/Factory->create(Array)
#15 D:/SEMESTER 6 D-IV TRPL/New folder/UTS-RPL-APPL-11423006/vendor/laravel/framework/src/Illuminate/Container/BoundMethod.php(36): Database/Seeders/DatabaseSeeder->run()
#16 D:/SEMESTER 6 D-IV TRPL/New folder/UTS-RPL-APPL-11423006/vendor/laravel/framework/src/Illuminate/Container/Util.php(43): Illuminate/Container/BoundMethod::Illuminate/Container/{closure}()
#17 D:/SEMESTER 6 D-IV TRPL/New folder/UTS-RPL-APPL-11423006/vendor/laravel/framework/src/Illuminate/Container/BoundMethod.php(96): Illuminate/Container/Util::unwrapIfClosure(Object(Closure))
#18 D:/SEMESTER 6 D-IV TRPL/New folder/UTS-RPL-APPL-11423006/vendor/laravel/framework/src/Illuminate/Container/BoundMethod.php(35): Illuminate/Container/BoundMethod::callBoundMethod(Object(Illuminate/Foundation/Application), Array, Object(Closure))
#19 D:/SEMESTER 6 D-IV TRPL/New folder/UTS-RPL-APPL-11423006/vendor/laravel/framework/src/Illuminate/Container/Container.php(799): Illuminate/Container/BoundMethod::call(Object(Illuminate/Foundation/Application), Array, Array, NULL)
#20 D:/SEMESTER 6 D-IV TRPL/New folder/UTS-RPL-APPL-11423006/vendor/laravel/framework/src/Illuminate/Database/Seeder.php(184): Illuminate/Container/Container->call(Array, Array)
#21 D:/SEMESTER 6 D-IV TRPL/New folder/UTS-RPL-APPL-11423006/vendor/laravel/framework/src/Illuminate/Database/Eloquent/Concerns/HasEvents.php(454): Illuminate/Database/Seeder->Illuminate/Database/{closure}()
#22 D:/SEMESTER 6 D-IV TRPL/New folder/UTS-RPL-APPL-11423006/vendor/laravel/framework/src/Illuminate/Database/Console/Seeds/WithoutModelEvents.php(17): Illuminate/Database/Eloquent/Model::withoutEvents(Object(Closure))
#23 D:/SEMESTER 6 D-IV TRPL/New folder/UTS-RPL-APPL-11423006/vendor/laravel/framework/src/Illuminate/Database/Seeder.php(193): Database/Seeders/DatabaseSeeder->Illuminate/Database/Console/Seeds/{closure}()
#24 D:/SEMESTER 6 D-IV TRPL/New folder/UTS-RPL-APPL-11423006/vendor/laravel/framework/src/Illuminate/Database/Console/Seeds/SeedCommand.php(71): Illuminate/Database/Seeder->__invoke()
#25 D:/SEMESTER 6 D-IV TRPL/New folder/UTS-RPL-APPL-11423006/vendor/laravel/framework/src/Illuminate/Database/Eloquent/Concerns/GuardsAttributes.php(157): Illuminate/Database/Console/Seeds/SeedCommand->Illuminate/Database/Console/Seeds/{closure}()
#26 D:/SEMESTER 6 D-IV TRPL/New folder/UTS-RPL-APPL-11423006/vendor/laravel/framework/src/Illuminate/Database/Console/Seeds/SeedCommand.php(70): Illuminate/Database/Eloquent/Model::unguarded(Object(Closure))
#27 D:/SEMESTER 6 D-IV TRPL/New folder/UTS-RPL-APPL-11423006/vendor/laravel/framework/src/Illuminate/Container/BoundMethod.php(36): Illuminate/Database/Console/Seeds/SeedCommand->handle()
#28 D:/SEMESTER 6 D-IV TRPL/New folder/UTS-RPL-APPL-11423006/vendor/laravel/framework/src/Illuminate/Container/Util.php(43): Illuminate/Container/BoundMethod::Illuminate/Container/{closure}()
#29 D:/SEMESTER 6 D-IV TRPL/New folder/UTS-RPL-APPL-11423006/vendor/laravel/framework/src/Illuminate/Container/BoundMethod.php(96): Illuminate/Container/Util::unwrapIfClosure(Object(Closure))
#30 D:/SEMESTER 6 D-IV TRPL/New folder/UTS-RPL-APPL-11423006/vendor/laravel/framework/src/Illuminate/Container/BoundMethod.php(35): Illuminate/Container/BoundMethod::callBoundMethod(Object(Illuminate/Foundation/Application), Array, Object(Closure))
#31 D:/SEMESTER 6 D-IV TRPL/New folder/UTS-RPL-APPL-11423006/vendor/laravel/framework/src/Illuminate/Container/Container.php(799): Illuminate/Container/BoundMethod::call(Object(Illuminate/Foundation/Application), Array, Array, NULL)
#32 D:/SEMESTER 6 D-IV TRPL/New folder/UTS-RPL-APPL-11423006/vendor/laravel/framework/src/Illuminate/Console/Command.php(211): Illuminate/Container/Container->call(Array)
#33 D:/SEMESTER 6 D-IV TRPL/New folder/UTS-RPL-APPL-11423006/vendor/symfony/console/Command/Command.php(341): Illuminate/Console/Command->execute(Object(Symfony/Component/Console/Input/ArgvInput), Object(Illuminate/Console/OutputStyle))
#34 D:/SEMESTER 6 D-IV TRPL/New folder/UTS-RPL-APPL-11423006/vendor/laravel/framework/src/Illuminate/Console/Command.php(180): Symfony/Component/Console/Command/Command->run(Object(Symfony/Component/Console/Input/ArgvInput), Object(Illuminate/Console/OutputStyle))
#35 D:/SEMESTER 6 D-IV TRPL/New folder/UTS-RPL-APPL-11423006/vendor/symfony/console/Application.php(1117): Illuminate/Console/Command->run(Object(Symfony/Component/Console/Input/ArgvInput), Object(Symfony/Component/Console/Output/ConsoleOutput))
#36 D:/SEMESTER 6 D-IV TRPL/New folder/UTS-RPL-APPL-11423006/vendor/symfony/console/Application.php(356): Symfony/Component/Console/Application->doRunCommand(Object(Illuminate/Database/Console/Seeds/SeedCommand), Object(Symfony/Component/Console/Input/ArgvInput), Object(Symfony/Component/Console/Output/ConsoleOutput))
#37 D:/SEMESTER 6 D-IV TRPL/New folder/UTS-RPL-APPL-11423006/vendor/symfony/console/Application.php(195): Symfony/Component/Console/Application->doRun(Object(Symfony/Component/Console/Input/ArgvInput), Object(Symfony/Component/Console/Output/ConsoleOutput))
#38 D:/SEMESTER 6 D-IV TRPL/New folder/UTS-RPL-APPL-11423006/vendor/laravel/framework/src/Illuminate/Foundation/Console/Kernel.php(198): Symfony/Component/Console/Application->run(Object(Symfony/Component/Console/Input/ArgvInput), Object(Symfony/Component/Console/Output/ConsoleOutput))
#39 D:/SEMESTER 6 D-IV TRPL/New folder/UTS-RPL-APPL-11423006/vendor/laravel/framework/src/Illuminate/Foundation/Application.php(1235): Illuminate/Foundation/Console/Kernel->handle(Object(Symfony/Component/Console/Input/ArgvInput), Object(Symfony/Component/Console/Output/ConsoleOutput))
#40 D:/SEMESTER 6 D-IV TRPL/New folder/UTS-RPL-APPL-11423006/artisan(16): Illuminate/Foundation/Application->handleCommand(Object(Symfony/Component/Console/Input/ArgvInput))
#41 {main}

[previous exception] [object] (PDOException(code: 23000): SQLSTATE[23000]: Integrity constraint violation: 19 UNIQUE constraint failed: users.email at D:/SEMESTER 6 D-IV TRPL/New folder/UTS-RPL-APPL-11423006/vendor/laravel/framework/src/Illuminate/Database/Connection.php:584)
[stacktrace]
#0 D:/SEMESTER 6 D-IV TRPL/New folder/UTS-RPL-APPL-11423006/vendor/laravel/framework/src/Illuminate/Database/Connection.php(584): PDOStatement->execute()
#1 D:/SEMESTER 6 D-IV TRPL/New folder/UTS-RPL-APPL-11423006/vendor/laravel/framework/src/Illuminate/Database/Connection.php(827): Illuminate/Database/Connection->Illuminate/Database/{closure}('insert into \"us...', Array)
#2 D:/SEMESTER 6 D-IV TRPL/New folder/UTS-RPL-APPL-11423006/vendor/laravel/framework/src/Illuminate/Database/Connection.php(794): Illuminate/Database/Connection->runQueryCallback('insert into \"us...', Array, Object(Closure))
#3 D:/SEMESTER 6 D-IV TRPL/New folder/UTS-RPL-APPL-11423006/vendor/laravel/framework/src/Illuminate/Database/Connection.php(573): Illuminate/Database/Connection->run('insert into \"us...', Array, Object(Closure))
#4 D:/SEMESTER 6 D-IV TRPL/New folder/UTS-RPL-APPL-11423006/vendor/laravel/framework/src/Illuminate/Database/Connection.php(537): Illuminate/Database/Connection->statement('insert into \"us...', Array)
#5 D:/SEMESTER 6 D-IV TRPL/New folder/UTS-RPL-APPL-11423006/vendor/laravel/framework/src/Illuminate/Database/Query/Processors/Processor.php(32): Illuminate/Database/Connection->insert('insert into \"us...', Array)
#6 D:/SEMESTER 6 D-IV TRPL/New folder/UTS-RPL-APPL-11423006/vendor/laravel/framework/src/Illuminate/Database/Query/Builder.php(4170): Illuminate/Database/Query/Processors/Processor->processInsertGetId(Object(Illuminate/Database/Query/Builder), 'insert into \"us...', Array, 'id')
#7 D:/SEMESTER 6 D-IV TRPL/New folder/UTS-RPL-APPL-11423006/vendor/laravel/framework/src/Illuminate/Database/Eloquent/Builder.php(2237): Illuminate/Database/Query/Builder->insertGetId(Array, 'id')
#8 D:/SEMESTER 6 D-IV TRPL/New folder/UTS-RPL-APPL-11423006/vendor/laravel/framework/src/Illuminate/Database/Eloquent/Model.php(1436): Illuminate/Database/Eloquent/Builder->__call('insertGetId', Array)
#9 D:/SEMESTER 6 D-IV TRPL/New folder/UTS-RPL-APPL-11423006/vendor/laravel/framework/src/Illuminate/Database/Eloquent/Model.php(1401): Illuminate/Database/Eloquent/Model->insertAndSetId(Object(Illuminate/Database/Eloquent/Builder), Array)
#10 D:/SEMESTER 6 D-IV TRPL/New folder/UTS-RPL-APPL-11423006/vendor/laravel/framework/src/Illuminate/Database/Eloquent/Model.php(1240): Illuminate/Database/Eloquent/Model->performInsert(Object(Illuminate/Database/Eloquent/Builder))
#11 D:/SEMESTER 6 D-IV TRPL/New folder/UTS-RPL-APPL-11423006/vendor/laravel/framework/src/Illuminate/Database/Eloquent/Factories/Factory.php(370): Illuminate/Database/Eloquent/Model->save()
#12 D:/SEMESTER 6 D-IV TRPL/New folder/UTS-RPL-APPL-11423006/vendor/laravel/framework/src/Illuminate/Collections/Traits/EnumeratesValues.php(275): Illuminate/Database/Eloquent/Factories/Factory->Illuminate/Database/Eloquent/Factories/{closure}(Object(App/Models/User), 0)
#13 D:/SEMESTER 6 D-IV TRPL/New folder/UTS-RPL-APPL-11423006/vendor/laravel/framework/src/Illuminate/Database/Eloquent/Factories/Factory.php(365): Illuminate/Support/Collection->each(Object(Closure))
#14 D:/SEMESTER 6 D-IV TRPL/New folder/UTS-RPL-APPL-11423006/vendor/laravel/framework/src/Illuminate/Database/Eloquent/Factories/Factory.php(321): Illuminate/Database/Eloquent/Factories/Factory->store(Object(Illuminate/Support/Collection))
#15 D:/SEMESTER 6 D-IV TRPL/New folder/UTS-RPL-APPL-11423006/vendor/laravel/framework/src/Illuminate/Database/Eloquent/Factories/Factory.php(315): Illuminate/Database/Eloquent/Factories/Factory->create(Array, NULL)
#16 D:/SEMESTER 6 D-IV TRPL/New folder/UTS-RPL-APPL-11423006/database/seeders/DatabaseSeeder.php(16): Illuminate/Database/Eloquent/Factories/Factory->create(Array)
#17 D:/SEMESTER 6 D-IV TRPL/New folder/UTS-RPL-APPL-11423006/vendor/laravel/framework/src/Illuminate/Container/BoundMethod.php(36): Database/Seeders/DatabaseSeeder->run()
#18 D:/SEMESTER 6 D-IV TRPL/New folder/UTS-RPL-APPL-11423006/vendor/laravel/framework/src/Illuminate/Container/Util.php(43): Illuminate/Container/BoundMethod::Illuminate/Container/{closure}()
#19 D:/SEMESTER 6 D-IV TRPL/New folder/UTS-RPL-APPL-11423006/vendor/laravel/framework/src/Illuminate/Container/BoundMethod.php(96): Illuminate/Container/Util::unwrapIfClosure(Object(Closure))
#20 D:/SEMESTER 6 D-IV TRPL/New folder/UTS-RPL-APPL-11423006/vendor/laravel/framework/src/Illuminate/Container/BoundMethod.php(35): Illuminate/Container/BoundMethod::callBoundMethod(Object(Illuminate/Foundation/Application), Array, Object(Closure))
#21 D:/SEMESTER 6 D-IV TRPL/New folder/UTS-RPL-APPL-11423006/vendor/laravel/framework/src/Illuminate/Container/Container.php(799): Illuminate/Container/BoundMethod::call(Object(Illuminate/Foundation/Application), Array, Array, NULL)
#22 D:/SEMESTER 6 D-IV TRPL/New folder/UTS-RPL-APPL-11423006/vendor/laravel/framework/src/Illuminate/Database/Seeder.php(184): Illuminate/Container/Container->call(Array, Array)
#23 D:/SEMESTER 6 D-IV TRPL/New folder/UTS-RPL-APPL-11423006/vendor/laravel/framework/src/Illuminate/Database/Eloquent/Concerns/HasEvents.php(454): Illuminate/Database/Seeder->Illuminate/Database/{closure}()
#24 D:/SEMESTER 6 D-IV TRPL/New folder/UTS-RPL-APPL-11423006/vendor/laravel/framework/src/Illuminate/Database/Console/Seeds/WithoutModelEvents.php(17): Illuminate/Database/Eloquent/Model::withoutEvents(Object(Closure))
#25 D:/SEMESTER 6 D-IV TRPL/New folder/UTS-RPL-APPL-11423006/vendor/laravel/framework/src/Illuminate/Database/Seeder.php(193): Database/Seeders/DatabaseSeeder->Illuminate/Database/Console/Seeds/{closure}()
#26 D:/SEMESTER 6 D-IV TRPL/New folder/UTS-RPL-APPL-11423006/vendor/laravel/framework/src/Illuminate/Database/Console/Seeds/SeedCommand.php(71): Illuminate/Database/Seeder->__invoke()
#27 D:/SEMESTER 6 D-IV TRPL/New folder/UTS-RPL-APPL-11423006/vendor/laravel/framework/src/Illuminate/Database/Eloquent/Concerns/GuardsAttributes.php(157): Illuminate/Database/Console/Seeds/SeedCommand->Illuminate/Database/Console/Seeds/{closure}()
#28 D:/SEMESTER 6 D-IV TRPL/New folder/UTS-RPL-APPL-11423006/vendor/laravel/framework/src/Illuminate/Database/Console/Seeds/SeedCommand.php(70): Illuminate/Database/Eloquent/Model::unguarded(Object(Closure))
#29 D:/SEMESTER 6 D-IV TRPL/New folder/UTS-RPL-APPL-11423006/vendor/laravel/framework/src/Illuminate/Container/BoundMethod.php(36): Illuminate/Database/Console/Seeds/SeedCommand->handle()
#30 D:/SEMESTER 6 D-IV TRPL/New folder/UTS-RPL-APPL-11423006/vendor/laravel/framework/src/Illuminate/Container/Util.php(43): Illuminate/Container/BoundMethod::Illuminate/Container/{closure}()
#31 D:/SEMESTER 6 D-IV TRPL/New folder/UTS-RPL-APPL-11423006/vendor/laravel/framework/src/Illuminate/Container/BoundMethod.php(96): Illuminate/Container/Util::unwrapIfClosure(Object(Closure))
#32 D:/SEMESTER 6 D-IV TRPL/New folder/UTS-RPL-APPL-11423006/vendor/laravel/framework/src/Illuminate/Container/BoundMethod.php(35): Illuminate/Container/BoundMethod::callBoundMethod(Object(Illuminate/Foundation/Application), Array, Object(Closure))
#33 D:/SEMESTER 6 D-IV TRPL/New folder/UTS-RPL-APPL-11423006/vendor/laravel/framework/src/Illuminate/Container/Container.php(799): Illuminate/Container/BoundMethod::call(Object(Illuminate/Foundation/Application), Array, Array, NULL)
#34 D:/SEMESTER 6 D-IV TRPL/New folder/UTS-RPL-APPL-11423006/vendor/laravel/framework/src/Illuminate/Console/Command.php(211): Illuminate/Container/Container->call(Array)
#35 D:/SEMESTER 6 D-IV TRPL/New folder/UTS-RPL-APPL-11423006/vendor/symfony/console/Command/Command.php(341): Illuminate/Console/Command->execute(Object(Symfony/Component/Console/Input/ArgvInput), Object(Illuminate/Console/OutputStyle))
#36 D:/SEMESTER 6 D-IV TRPL/New folder/UTS-RPL-APPL-11423006/vendor/laravel/framework/src/Illuminate/Console/Command.php(180): Symfony/Component/Console/Command/Command->run(Object(Symfony/Component/Console/Input/ArgvInput), Object(Illuminate/Console/OutputStyle))
#37 D:/SEMESTER 6 D-IV TRPL/New folder/UTS-RPL-APPL-11423006/vendor/symfony/console/Application.php(1117): Illuminate/Console/Command->run(Object(Symfony/Component/Console/Input/ArgvInput), Object(Symfony/Component/Console/Output/ConsoleOutput))
#38 D:/SEMESTER 6 D-IV TRPL/New folder/UTS-RPL-APPL-11423006/vendor/symfony/console/Application.php(356): Symfony/Component/Console/Application->doRunCommand(Object(Illuminate/Database/Console/Seeds/SeedCommand), Object(Symfony/Component/Console/Input/ArgvInput), Object(Symfony/Component/Console/Output/ConsoleOutput))
#39 D:/SEMESTER 6 D-IV TRPL/New folder/UTS-RPL-APPL-11423006/vendor/symfony/console/Application.php(195): Symfony/Component/Console/Application->doRun(Object(Symfony/Component/Console/Input/ArgvInput), Object(Symfony/Component/Console/Output/ConsoleOutput))
#40 D:/SEMESTER 6 D-IV TRPL/New folder/UTS-RPL-APPL-11423006/vendor/laravel/framework/src/Illuminate/Foundation/Console/Kernel.php(198): Symfony/Component/Console/Application->run(Object(Symfony/Component/Console/Input/ArgvInput), Object(Symfony/Component/Console/Output/ConsoleOutput))
#41 D:/SEMESTER 6 D-IV TRPL/New folder/UTS-RPL-APPL-11423006/vendor/laravel/framework/src/Illuminate/Foundation/Application.php(1235): Illuminate/Foundation/Console/Kernel->handle(Object(Symfony/Component/Console/Input/ArgvInput), Object(Symfony/Component/Console/Output/ConsoleOutput))
#42 D:/SEMESTER 6 D-IV TRPL/New folder/UTS-RPL-APPL-11423006/artisan(16): Illuminate/Foundation/Application->handleCommand(Object(Symfony/Component/Console/Input/ArgvInput))
#43 {main}
"} 
[2026-04-18 06:13:39] local.ERROR: Class "Illuminate\Support\Validation\Rules\Password" not found {"exception":"[object] (Error(code: 0): Class \"Illuminate\\Support\\Validation\\Rules\\Password\" not found at D:/SEMESTER 6 D-IV TRPL/New folder/UTS-RPL-APPL-11423006/app/Http/Controllers/AuthController.php:44)
[stacktrace]
#0 D:/SEMESTER 6 D-IV TRPL/New folder/UTS-RPL-APPL-11423006/vendor/laravel/framework/src/Illuminate/Routing/ControllerDispatcher.php(46): App/Http/Controllers/AuthController->register(Object(Illuminate/Http/Request))
#1 D:/SEMESTER 6 D-IV TRPL/New folder/UTS-RPL-APPL-11423006/vendor/laravel/framework/src/Illuminate/Routing/Route.php(265): Illuminate/Routing/ControllerDispatcher->dispatch(Object(Illuminate/Routing/Route), Object(App/Http/Controllers/AuthController), 'register')
#2 D:/SEMESTER 6 D-IV TRPL/New folder/UTS-RPL-APPL-11423006/vendor/laravel/framework/src/Illuminate/Routing/Route.php(211): Illuminate/Routing/Route->runController()
#3 D:/SEMESTER 6 D-IV TRPL/New folder/UTS-RPL-APPL-11423006/vendor/laravel/framework/src/Illuminate/Routing/Router.php(822): Illuminate/Routing/Route->run()
#4 D:/SEMESTER 6 D-IV TRPL/New folder/UTS-RPL-APPL-11423006/vendor/laravel/framework/src/Illuminate/Pipeline/Pipeline.php(180): Illuminate/Routing/Router->Illuminate/Routing/{closure}(Object(Illuminate/Http/Request))
#5 D:/SEMESTER 6 D-IV TRPL/New folder/UTS-RPL-APPL-11423006/vendor/laravel/framework/src/Illuminate/Auth/Middleware/RedirectIfAuthenticated.php(47): Illuminate/Pipeline/Pipeline->Illuminate/Pipeline/{closure}(Object(Illuminate/Http/Request))
#6 D:/SEMESTER 6 D-IV TRPL/New folder/UTS-RPL-APPL-11423006/vendor/laravel/framework/src/Illuminate/Pipeline/Pipeline.php(219): Illuminate/Auth/Middleware/RedirectIfAuthenticated->handle(Object(Illuminate/Http/Request), Object(Closure))
#7 D:/SEMESTER 6 D-IV TRPL/New folder/UTS-RPL-APPL-11423006/vendor/laravel/framework/src/Illuminate/Routing/Middleware/SubstituteBindings.php(50): Illuminate/Pipeline/Pipeline->Illuminate/Pipeline/{closure}(Object(Illuminate/Http/Request))
#8 D:/SEMESTER 6 D-IV TRPL/New folder/UTS-RPL-APPL-11423006/vendor/laravel/framework/src/Illuminate/Pipeline/Pipeline.php(219): Illuminate/Routing/Middleware/SubstituteBindings->handle(Object(Illuminate/Http/Request), Object(Closure))
#9 D:/SEMESTER 6 D-IV TRPL/New folder/UTS-RPL-APPL-11423006/vendor/laravel/framework/src/Illuminate/Foundation/Http/Middleware/VerifyCsrfToken.php(87): Illuminate/Pipeline/Pipeline->Illuminate/Pipeline/{closure}(Object(Illuminate/Http/Request))
#10 D:/SEMESTER 6 D-IV TRPL/New folder/UTS-RPL-APPL-11423006/vendor/laravel/framework/src/Illuminate/Pipeline/Pipeline.php(219): Illuminate/Foundation/Http/Middleware/VerifyCsrfToken->handle(Object(Illuminate/Http/Request), Object(Closure))
#11 D:/SEMESTER 6 D-IV TRPL/New folder/UTS-RPL-APPL-11423006/vendor/laravel/framework/src/Illuminate/View/Middleware/ShareErrorsFromSession.php(48): Illuminate/Pipeline/Pipeline->Illuminate/Pipeline/{closure}(Object(Illuminate/Http/Request))
#12 D:/SEMESTER 6 D-IV TRPL/New folder/UTS-RPL-APPL-11423006/vendor/laravel/framework/src/Illuminate/Pipeline/Pipeline.php(219): Illuminate/View/Middleware/ShareErrorsFromSession->handle(Object(Illuminate/Http/Request), Object(Closure))
#13 D:/SEMESTER 6 D-IV TRPL/New folder/UTS-RPL-APPL-11423006/vendor/laravel/framework/src/Illuminate/Session/Middleware/StartSession.php(120): Illuminate/Pipeline/Pipeline->Illuminate/Pipeline/{closure}(Object(Illuminate/Http/Request))
#14 D:/SEMESTER 6 D-IV TRPL/New folder/UTS-RPL-APPL-11423006/vendor/laravel/framework/src/Illuminate/Session/Middleware/StartSession.php(63): Illuminate/Session/Middleware/StartSession->handleStatefulRequest(Object(Illuminate/Http/Request), Object(Illuminate/Session/Store), Object(Closure))
#15 D:/SEMESTER 6 D-IV TRPL/New folder/UTS-RPL-APPL-11423006/vendor/laravel/framework/src/Illuminate/Pipeline/Pipeline.php(219): Illuminate/Session/Middleware/StartSession->handle(Object(Illuminate/Http/Request), Object(Closure))
#16 D:/SEMESTER 6 D-IV TRPL/New folder/UTS-RPL-APPL-11423006/vendor/laravel/framework/src/Illuminate/Cookie/Middleware/AddQueuedCookiesToResponse.php(36): Illuminate/Pipeline/Pipeline->Illuminate/Pipeline/{closure}(Object(Illuminate/Http/Request))
#17 D:/SEMESTER 6 D-IV TRPL/New folder/UTS-RPL-APPL-11423006/vendor/laravel/framework/src/Illuminate/Pipeline/Pipeline.php(219): Illuminate/Cookie/Middleware/AddQueuedCookiesToResponse->handle(Object(Illuminate/Http/Request), Object(Closure))
#18 D:/SEMESTER 6 D-IV TRPL/New folder/UTS-RPL-APPL-11423006/vendor/laravel/framework/src/Illuminate/Cookie/Middleware/EncryptCookies.php(74): Illuminate/Pipeline/Pipeline->Illuminate/Pipeline/{closure}(Object(Illuminate/Http/Request))
#19 D:/SEMESTER 6 D-IV TRPL/New folder/UTS-RPL-APPL-11423006/vendor/laravel/framework/src/Illuminate/Pipeline/Pipeline.php(219): Illuminate/Cookie/Middleware/EncryptCookies->handle(Object(Illuminate/Http/Request), Object(Closure))
#20 D:/SEMESTER 6 D-IV TRPL/New folder/UTS-RPL-APPL-11423006/vendor/laravel/framework/src/Illuminate/Pipeline/Pipeline.php(137): Illuminate/Pipeline/Pipeline->Illuminate/Pipeline/{closure}(Object(Illuminate/Http/Request))
#21 D:/SEMESTER 6 D-IV TRPL/New folder/UTS-RPL-APPL-11423006/vendor/laravel/framework/src/Illuminate/Routing/Router.php(821): Illuminate/Pipeline/Pipeline->then(Object(Closure))
#22 D:/SEMESTER 6 D-IV TRPL/New folder/UTS-RPL-APPL-11423006/vendor/laravel/framework/src/Illuminate/Routing/Router.php(800): Illuminate/Routing/Router->runRouteWithinStack(Object(Illuminate/Routing/Route), Object(Illuminate/Http/Request))
#23 D:/SEMESTER 6 D-IV TRPL/New folder/UTS-RPL-APPL-11423006/vendor/laravel/framework/src/Illuminate/Routing/Router.php(764): Illuminate/Routing/Router->runRoute(Object(Illuminate/Http/Request), Object(Illuminate/Routing/Route))
#24 D:/SEMESTER 6 D-IV TRPL/New folder/UTS-RPL-APPL-11423006/vendor/laravel/framework/src/Illuminate/Routing/Router.php(753): Illuminate/Routing/Router->dispatchToRoute(Object(Illuminate/Http/Request))
#25 D:/SEMESTER 6 D-IV TRPL/New folder/UTS-RPL-APPL-11423006/vendor/laravel/framework/src/Illuminate/Foundation/Http/Kernel.php(200): Illuminate/Routing/Router->dispatch(Object(Illuminate/Http/Request))
#26 D:/SEMESTER 6 D-IV TRPL/New folder/UTS-RPL-APPL-11423006/vendor/laravel/framework/src/Illuminate/Pipeline/Pipeline.php(180): Illuminate/Foundation/Http/Kernel->Illuminate/Foundation/Http/{closure}(Object(Illuminate/Http/Request))
#27 D:/SEMESTER 6 D-IV TRPL/New folder/UTS-RPL-APPL-11423006/vendor/laravel/framework/src/Illuminate/Foundation/Http/Middleware/TransformsRequest.php(21): Illuminate/Pipeline/Pipeline->Illuminate/Pipeline/{closure}(Object(Illuminate/Http/Request))
#28 D:/SEMESTER 6 D-IV TRPL/New folder/UTS-RPL-APPL-11423006/vendor/laravel/framework/src/Illuminate/Foundation/Http/Middleware/ConvertEmptyStringsToNull.php(31): Illuminate/Foundation/Http/Middleware/TransformsRequest->handle(Object(Illuminate/Http/Request), Object(Closure))
#29 D:/SEMESTER 6 D-IV TRPL/New folder/UTS-RPL-APPL-11423006/vendor/laravel/framework/src/Illuminate/Pipeline/Pipeline.php(219): Illuminate/Foundation/Http/Middleware/ConvertEmptyStringsToNull->handle(Object(Illuminate/Http/Request), Object(Closure))
#30 D:/SEMESTER 6 D-IV TRPL/New folder/UTS-RPL-APPL-11423006/vendor/laravel/framework/src/Illuminate/Foundation/Http/Middleware/TransformsRequest.php(21): Illuminate/Pipeline/Pipeline->Illuminate/Pipeline/{closure}(Object(Illuminate/Http/Request))
#31 D:/SEMESTER 6 D-IV TRPL/New folder/UTS-RPL-APPL-11423006/vendor/laravel/framework/src/Illuminate/Foundation/Http/Middleware/TrimStrings.php(51): Illuminate/Foundation/Http/Middleware/TransformsRequest->handle(Object(Illuminate/Http/Request), Object(Closure))
#32 D:/SEMESTER 6 D-IV TRPL/New folder/UTS-RPL-APPL-11423006/vendor/laravel/framework/src/Illuminate/Pipeline/Pipeline.php(219): Illuminate/Foundation/Http/Middleware/TrimStrings->handle(Object(Illuminate/Http/Request), Object(Closure))
#33 D:/SEMESTER 6 D-IV TRPL/New folder/UTS-RPL-APPL-11423006/vendor/laravel/framework/src/Illuminate/Http/Middleware/ValidatePostSize.php(27): Illuminate/Pipeline/Pipeline->Illuminate/Pipeline/{closure}(Object(Illuminate/Http/Request))
#34 D:/SEMESTER 6 D-IV TRPL/New folder/UTS-RPL-APPL-11423006/vendor/laravel/framework/src/Illuminate/Pipeline/Pipeline.php(219): Illuminate/Http/Middleware/ValidatePostSize->handle(Object(Illuminate/Http/Request), Object(Closure))
#35 D:/SEMESTER 6 D-IV TRPL/New folder/UTS-RPL-APPL-11423006/vendor/laravel/framework/src/Illuminate/Foundation/Http/Middleware/PreventRequestsDuringMaintenance.php(109): Illuminate/Pipeline/Pipeline->Illuminate/Pipeline/{closure}(Object(Illuminate/Http/Request))
#36 D:/SEMESTER 6 D-IV TRPL/New folder/UTS-RPL-APPL-11423006/vendor/laravel/framework/src/Illuminate/Pipeline/Pipeline.php(219): Illuminate/Foundation/Http/Middleware/PreventRequestsDuringMaintenance->handle(Object(Illuminate/Http/Request), Object(Closure))
#37 D:/SEMESTER 6 D-IV TRPL/New folder/UTS-RPL-APPL-11423006/vendor/laravel/framework/src/Illuminate/Http/Middleware/HandleCors.php(61): Illuminate/Pipeline/Pipeline->Illuminate/Pipeline/{closure}(Object(Illuminate/Http/Request))
#38 D:/SEMESTER 6 D-IV TRPL/New folder/UTS-RPL-APPL-11423006/vendor/laravel/framework/src/Illuminate/Pipeline/Pipeline.php(219): Illuminate/Http/Middleware/HandleCors->handle(Object(Illuminate/Http/Request), Object(Closure))
#39 D:/SEMESTER 6 D-IV TRPL/New folder/UTS-RPL-APPL-11423006/vendor/laravel/framework/src/Illuminate/Http/Middleware/TrustProxies.php(58): Illuminate/Pipeline/Pipeline->Illuminate/Pipeline/{closure}(Object(Illuminate/Http/Request))
#40 D:/SEMESTER 6 D-IV TRPL/New folder/UTS-RPL-APPL-11423006/vendor/laravel/framework/src/Illuminate/Pipeline/Pipeline.php(219): Illuminate/Http/Middleware/TrustProxies->handle(Object(Illuminate/Http/Request), Object(Closure))
#41 D:/SEMESTER 6 D-IV TRPL/New folder/UTS-RPL-APPL-11423006/vendor/laravel/framework/src/Illuminate/Foundation/Http/Middleware/InvokeDeferredCallbacks.php(22): Illuminate/Pipeline/Pipeline->Illuminate/Pipeline/{closure}(Object(Illuminate/Http/Request))
#42 D:/SEMESTER 6 D-IV TRPL/New folder/UTS-RPL-APPL-11423006/vendor/laravel/framework/src/Illuminate/Pipeline/Pipeline.php(219): Illuminate/Foundation/Http/Middleware/InvokeDeferredCallbacks->handle(Object(Illuminate/Http/Request), Object(Closure))
#43 D:/SEMESTER 6 D-IV TRPL/New folder/UTS-RPL-APPL-11423006/vendor/laravel/framework/src/Illuminate/Http/Middleware/ValidatePathEncoding.php(26): Illuminate/Pipeline/Pipeline->Illuminate/Pipeline/{closure}(Object(Illuminate/Http/Request))
#44 D:/SEMESTER 6 D-IV TRPL/New folder/UTS-RPL-APPL-11423006/vendor/laravel/framework/src/Illuminate/Pipeline/Pipeline.php(219): Illuminate/Http/Middleware/ValidatePathEncoding->handle(Object(Illuminate/Http/Request), Object(Closure))
#45 D:/SEMESTER 6 D-IV TRPL/New folder/UTS-RPL-APPL-11423006/vendor/laravel/framework/src/Illuminate/Pipeline/Pipeline.php(137): Illuminate/Pipeline/Pipeline->Illuminate/Pipeline/{closure}(Object(Illuminate/Http/Request))
#46 D:/SEMESTER 6 D-IV TRPL/New folder/UTS-RPL-APPL-11423006/vendor/laravel/framework/src/Illuminate/Foundation/Http/Kernel.php(175): Illuminate/Pipeline/Pipeline->then(Object(Closure))
#47 D:/SEMESTER 6 D-IV TRPL/New folder/UTS-RPL-APPL-11423006/vendor/laravel/framework/src/Illuminate/Foundation/Http/Kernel.php(144): Illuminate/Foundation/Http/Kernel->sendRequestThroughRouter(Object(Illuminate/Http/Request))
#48 D:/SEMESTER 6 D-IV TRPL/New folder/UTS-RPL-APPL-11423006/vendor/laravel/framework/src/Illuminate/Foundation/Application.php(1220): Illuminate/Foundation/Http/Kernel->handle(Object(Illuminate/Http/Request))
#49 D:/SEMESTER 6 D-IV TRPL/New folder/UTS-RPL-APPL-11423006/public/index.php(20): Illuminate/Foundation/Application->handleRequest(Object(Illuminate/Http/Request))
#50 D:/SEMESTER 6 D-IV TRPL/New folder/UTS-RPL-APPL-11423006/vendor/laravel/framework/src/Illuminate/Foundation/resources/server.php(23): require_once('D://SEMESTER 6 D...')
#51 {main}
"} 
